position,residue,score_A,score_B,rank_A,rank_B,low_confidence
1,M,-1.4318,-0.7063,3.0,21.5,no
3,G,0.7915,-0.4682,70.0,60.0,no
4,T,-0.3910,-0.7504,47.0,3.5,no
5,L,-0.2179,-0.4770,52.0,55.0,no
6,F,-0.5105,-0.4616,39.0,63.5,no
7,P,-1.3458,-0.5139,11.0,50.5,no
8,G,-0.5394,-0.4682,37.0,60.0,no
9,D,-1.1242,-0.6512,14.0,28.0,no
10,D,-0.7939,-0.6512,27.0,28.0,no
11,D,-0.9922,-0.6512,19.0,28.0,no
13,A,0.7137,-0.7229,69.0,17.0,no
14,I,-0.7463,-0.7275,28.0,12.5,no
15,P,0.8647,-0.5139,73.0,50.5,no
17,T,1.3929,-0.7504,74.0,3.5,no
18,E,-0.5728,-0.6105,35.0,37.5,no
20,F,0.5333,-0.4616,68.0,63.5,no
22,T,-0.4983,0.1677,41.0,73.0,no
25,A,0.3107,0.1571,64.0,71.0,no
26,K,-0.6403,-0.5936,32.0,45.0,no
38,A,-0.2599,-0.7229,50.0,17.0,no
45,E,0.0074,-0.6105,60.0,37.5,no
48,K,0.5298,-0.5936,67.0,45.0,no
50,R,0.4152,-0.6467,65.0,32.5,no
51,L,0.5175,-0.4770,66.0,55.0,no
52,T,-0.7247,-0.7504,30.0,3.5,no
53,N,-0.4529,-0.7354,43.0,8.5,no
54,L,-0.3963,-0.4770,46.0,55.0,no
55,E,-0.8296,-0.6105,25.0,37.5,no
56,K,-0.2036,-0.5936,54.0,45.0,no
57,K,-1.1074,-0.5936,15.0,45.0,no
58,I,-0.8772,-0.7275,24.0,12.5,no
59,T,0.1874,0.0866,62.0,70.0,no
60,N,0.0908,-0.7354,61.0,8.5,no
61,I,-0.5530,0.1626,36.0,72.0,no
62,T,-0.6843,-0.7504,31.0,3.5,no
63,T,-0.2044,0.0832,53.0,69.0,no
64,K,-0.3346,-0.5936,48.0,45.0,no
65,F,-0.5051,-0.4616,40.0,63.5,no
67,Q,0.8252,-0.6562,72.0,24.5,no
68,I,-0.5863,-0.7275,33.0,12.5,no
69,E,-0.2351,-0.6105,51.0,37.5,no
70,K,0.1967,-0.5936,63.0,45.0,no
71,C,-0.2915,-0.4201,49.0,67.5,no
72,C,-0.4269,-0.4201,45.0,67.5,no
73,K,-0.0127,-0.5936,59.0,45.0,no
75,N,-0.7410,-0.7354,29.0,8.5,no
76,D,-0.1291,-0.6512,56.0,28.0,no
78,V,-0.1567,-0.7168,55.0,20.0,no
79,L,-0.9339,-0.4770,22.0,55.0,no
80,F,0.8013,-0.4616,71.0,63.5,no
81,R,-1.4275,-0.6467,6.0,32.5,no
82,L,-1.0900,-0.4770,17.0,55.0,no
83,E,-1.3933,-0.6105,10.0,37.5,no
84,N,-0.4758,-0.7354,42.0,8.5,no
85,H,-1.4320,-0.6905,2.0,23.0,no
86,A,-0.4473,-0.7229,44.0,17.0,no
87,E,-1.0357,-0.6105,18.0,37.5,no
88,T,-1.2876,-0.7504,13.0,3.5,no
89,L,-0.9226,-0.4770,23.0,55.0,no
90,R,-1.4035,-0.6467,8.0,32.5,no
92,A,-0.9388,-0.7229,21.0,17.0,no
93,M,-1.1029,-0.7063,16.0,21.5,no
96,L,-1.3363,-0.4770,12.0,55.0,no
97,A,-0.9606,-0.7229,20.0,17.0,no
98,K,-0.5818,-0.5936,34.0,45.0,no
99,K,-1.4204,-0.5936,7.0,45.0,no
100,I,-1.3957,-0.7275,9.0,12.5,no
101,D,-1.4278,-0.6512,5.0,28.0,no
102,V,-0.0640,0.1707,58.0,74.0,no
103,Q,-1.4286,-0.6562,4.0,24.5,no
104,T,-1.4363,-0.7504,1.0,3.5,no
105,G,-0.8143,-0.4682,26.0,60.0,no
106,R,-0.5309,-0.6467,38.0,32.5,no
109,Y,-0.0940,-0.4424,57.0,66.0,no
