ID	RES	CC_CLASS	OligoState	Pi	Pa	Pb	Pc	Pd	Pe	Pf	Pg	PH	POligo
UniProtKB_Q77HM6_MPXV_A29	M	i	i	0.98	0.0	0.0	0.0	0.0	0.0	0.0	0.0	0.0	0.0
UniProtKB_Q77HM6_MPXV_A29	D	i	i	0.99	0.0	0.0	0.0	0.0	0.0	0.0	0.0	0.0	0.0
UniProtKB_Q77HM6_MPXV_A29	G	i	i	0.99	0.0	0.0	0.0	0.0	0.0	0.0	0.0	0.0	0.0
UniProtKB_Q77HM6_MPXV_A29	T	i	i	1.0	0.0	0.0	0.0	0.0	0.0	0.0	0.0	0.0	0.0
UniProtKB_Q77HM6_MPXV_A29	L	i	i	0.99	0.0	0.0	0.0	0.0	0.0	0.0	0.0	0.0	0.0
UniProtKB_Q77HM6_MPXV_A29	F	i	i	0.99	0.0	0.0	0.0	0.0	0.0	0.0	0.0	0.0	0.0
UniProtKB_Q77HM6_MPXV_A29	P	i	i	0.99	0.0	0.0	0.0	0.0	0.0	0.0	0.0	0.0	0.0
UniProtKB_Q77HM6_MPXV_A29	G	i	i	0.99	0.0	0.0	0.0	0.0	0.0	0.0	0.0	0.0	0.0
UniProtKB_Q77HM6_MPXV_A29	D	i	i	0.99	0.0	0.0	0.0	0.0	0.0	0.0	0.0	0.0	0.0
UniProtKB_Q77HM6_MPXV_A29	D	i	i	0.98	0.0	0.0	0.0	0.0	0.0	0.0	0.0	0.0	0.0
UniProtKB_Q77HM6_MPXV_A29	D	i	i	0.98	0.0	0.0	0.0	0.0	0.0	0.0	0.0	0.0	0.0
UniProtKB_Q77HM6_MPXV_A29	L	i	i	0.98	0.01	0.0	0.0	0.0	0.0	0.0	0.0	0.0	0.0
UniProtKB_Q77HM6_MPXV_A29	A	i	i	0.98	0.01	0.0	0.0	0.0	0.0	0.0	0.0	0.0	0.0
UniProtKB_Q77HM6_MPXV_A29	I	i	i	0.98	0.01	0.0	0.0	0.0	0.0	0.0	0.0	0.0	0.0
UniProtKB_Q77HM6_MPXV_A29	P	i	i	0.98	0.01	0.0	0.0	0.0	0.0	0.0	0.0	0.0	0.0
UniProtKB_Q77HM6_MPXV_A29	A	i	i	0.98	0.01	0.0	0.0	0.0	0.0	0.0	0.0	0.0	0.0
UniProtKB_Q77HM6_MPXV_A29	T	i	i	0.98	0.01	0.0	0.0	0.0	0.0	0.0	0.0	0.0	0.0
UniProtKB_Q77HM6_MPXV_A29	E	i	i	0.98	0.01	0.0	0.0	0.0	0.0	0.0	0.0	0.0	0.0
UniProtKB_Q77HM6_MPXV_A29	F	i	i	0.98	0.01	0.0	0.0	0.0	0.0	0.0	0.0	0.0	0.0
UniProtKB_Q77HM6_MPXV_A29	F	i	i	0.98	0.01	0.0	0.0	0.0	0.0	0.0	0.0	0.0	0.0
UniProtKB_Q77HM6_MPXV_A29	S	i	i	0.98	0.01	0.0	0.0	0.0	0.0	0.0	0.0	0.0	0.0
UniProtKB_Q77HM6_MPXV_A29	T	i	i	0.98	0.01	0.0	0.0	0.0	0.0	0.0	0.0	0.0	0.0
UniProtKB_Q77HM6_MPXV_A29	K	i	i	0.98	0.01	0.0	0.0	0.0	0.0	0.0	0.0	0.0	0.0
UniProtKB_Q77HM6_MPXV_A29	A	i	i	0.98	0.01	0.0	0.0	0.0	0.0	0.0	0.0	0.0	0.0
UniProtKB_Q77HM6_MPXV_A29	A	i	i	0.98	0.01	0.0	0.0	0.0	0.0	0.0	0.0	0.0	0.0
UniProtKB_Q77HM6_MPXV_A29	K	i	i	0.98	0.01	0.0	0.0	0.0	0.0	0.0	0.0	0.0	0.0
UniProtKB_Q77HM6_MPXV_A29	N	i	i	0.98	0.01	0.0	0.0	0.0	0.0	0.0	0.0	0.0	0.0
UniProtKB_Q77HM6_MPXV_A29	P	i	i	0.98	0.01	0.0	0.0	0.0	0.0	0.0	0.0	0.0	0.0
UniProtKB_Q77HM6_MPXV_A29	E	i	i	0.98	0.01	0.0	0.0	0.0	0.0	0.0	0.0	0.0	0.0
UniProtKB_Q77HM6_MPXV_A29	T	i	i	0.98	0.01	0.0	0.0	0.0	0.0	0.0	0.0	0.0	0.0
UniProtKB_Q77HM6_MPXV_A29	K	i	i	0.98	0.01	0.0	0.0	0.0	0.0	0.0	0.0	0.0	0.0
UniProtKB_Q77HM6_MPXV_A29	R	i	i	0.98	0.01	0.0	0.0	0.0	0.0	0.0	0.0	0.0	0.0
UniProtKB_Q77HM6_MPXV_A29	E	i	i	0.98	0.01	0.0	0.0	0.0	0.0	0.0	0.0	0.0	0.0
UniProtKB_Q77HM6_MPXV_A29	A	i	i	0.98	0.01	0.0	0.0	0.0	0.0	0.0	0.0	0.0	0.0
UniProtKB_Q77HM6_MPXV_A29	I	i	i	0.98	0.01	0.0	0.0	0.0	0.0	0.0	0.0	0.0	0.0
UniProtKB_Q77HM6_MPXV_A29	V	i	i	0.98	0.01	0.0	0.0	0.01	0.0	0.0	0.0	0.0	0.0
UniProtKB_Q77HM6_MPXV_A29	K	i	i	0.98	0.01	0.0	0.0	0.0	0.0	0.0	0.0	0.0	0.0
UniProtKB_Q77HM6_MPXV_A29	A	i	i	0.97	0.0	0.01	0.0	0.0	0.0	0.0	0.0	0.0	0.0
UniProtKB_Q77HM6_MPXV_A29	Y	i	i	0.97	0.0	0.0	0.01	0.01	0.0	0.0	0.0	0.0	0.0
UniProtKB_Q77HM6_MPXV_A29	G	i	i	0.96	0.01	0.0	0.0	0.03	0.0	0.0	0.0	0.0	0.0
UniProtKB_Q77HM6_MPXV_A29	D	i	i	0.95	0.0	0.01	0.0	0.0	0.03	0.0	0.0	0.0	0.0
UniProtKB_Q77HM6_MPXV_A29	D	i	i	0.93	0.0	0.0	0.02	0.0	0.0	0.05	0.0	0.0	0.0
UniProtKB_Q77HM6_MPXV_A29	N	i	i	0.87	0.0	0.0	0.0	0.04	0.0	0.0	0.09	0.0	0.0
UniProtKB_Q77HM6_MPXV_A29	E	i	i	0.59	0.41	0.0	0.0	0.0	0.0	0.0	0.0	0.0	0.0
UniProtKB_Q77HM6_MPXV_A29	E	b	4	0.5	0.0	0.5	0.0	0.0	0.0	0.0	0.0	0.0	0.6486674
UniProtKB_Q77HM6_MPXV_A29	T	c	4	0.36	0.0	0.0	0.63	0.0	0.0	0.0	0.01	0.0	0.6486674
UniProtKB_Q77HM6_MPXV_A29	L	d	4	0.05	0.0	0.0	0.0	0.95	0.0	0.0	0.0	0.0	0.6486674
UniProtKB_Q77HM6_MPXV_A29	K	e	4	0.01	0.0	0.0	0.0	0.0	0.99	0.0	0.0	0.0	0.6486674
UniProtKB_Q77HM6_MPXV_A29	Q	f	4	0.0	0.0	0.0	0.0	0.0	0.0	1.0	0.0	0.0	0.6486674
UniProtKB_Q77HM6_MPXV_A29	R	g	4	0.0	0.0	0.0	0.0	0.0	0.0	0.0	1.0	0.0	0.6486674
UniProtKB_Q77HM6_MPXV_A29	L	a	4	0.0	1.0	0.0	0.0	0.0	0.0	0.0	0.0	0.0	0.6486674
UniProtKB_Q77HM6_MPXV_A29	T	b	4	0.0	0.0	1.0	0.0	0.0	0.0	0.0	0.0	0.0	0.6486674
UniProtKB_Q77HM6_MPXV_A29	N	c	4	0.0	0.0	0.0	1.0	0.0	0.0	0.0	0.0	0.0	0.6486674
UniProtKB_Q77HM6_MPXV_A29	L	d	4	0.0	0.0	0.0	0.0	1.0	0.0	0.0	0.0	0.0	0.6486674
UniProtKB_Q77HM6_MPXV_A29	E	e	4	0.0	0.0	0.0	0.0	0.0	1.0	0.0	0.0	0.0	0.6486674
UniProtKB_Q77HM6_MPXV_A29	K	f	4	0.0	0.0	0.0	0.0	0.0	0.0	1.0	0.0	0.0	0.6486674
UniProtKB_Q77HM6_MPXV_A29	K	g	4	0.0	0.0	0.0	0.0	0.0	0.0	0.0	1.0	0.0	0.6486674
UniProtKB_Q77HM6_MPXV_A29	I	a	4	0.0	1.0	0.0	0.0	0.0	0.0	0.0	0.0	0.0	0.6486674
UniProtKB_Q77HM6_MPXV_A29	T	b	4	0.0	0.0	1.0	0.0	0.0	0.0	0.0	0.0	0.0	0.6486674
UniProtKB_Q77HM6_MPXV_A29	N	c	4	0.0	0.0	0.0	1.0	0.0	0.0	0.0	0.0	0.0	0.6486674
UniProtKB_Q77HM6_MPXV_A29	I	d	4	0.0	0.0	0.0	0.0	1.0	0.0	0.0	0.0	0.0	0.6486674
UniProtKB_Q77HM6_MPXV_A29	T	e	4	0.0	0.0	0.0	0.0	0.0	1.0	0.0	0.0	0.0	0.6486674
UniProtKB_Q77HM6_MPXV_A29	T	f	4	0.0	0.0	0.0	0.0	0.0	0.0	1.0	0.0	0.0	0.6486674
UniProtKB_Q77HM6_MPXV_A29	K	g	4	0.0	0.0	0.0	0.0	0.0	0.0	0.0	1.0	0.0	0.6486674
UniProtKB_Q77HM6_MPXV_A29	F	a	4	0.0	1.0	0.0	0.0	0.0	0.0	0.0	0.0	0.0	0.6486674
UniProtKB_Q77HM6_MPXV_A29	E	b	4	0.0	0.0	1.0	0.0	0.0	0.0	0.0	0.0	0.0	0.6486674
UniProtKB_Q77HM6_MPXV_A29	Q	c	4	0.0	0.0	0.0	1.0	0.0	0.0	0.0	0.0	0.0	0.6486674
UniProtKB_Q77HM6_MPXV_A29	I	d	4	0.0	0.0	0.0	0.0	1.0	0.0	0.0	0.0	0.0	0.6486674
UniProtKB_Q77HM6_MPXV_A29	E	e	4	0.0	0.0	0.0	0.0	0.0	1.0	0.0	0.0	0.0	0.6486674
UniProtKB_Q77HM6_MPXV_A29	K	f	4	0.0	0.0	0.0	0.0	0.0	0.0	1.0	0.0	0.0	0.6486674
UniProtKB_Q77HM6_MPXV_A29	C	g	4	0.0	0.0	0.0	0.0	0.0	0.0	0.0	1.0	0.0	0.6486674
UniProtKB_Q77HM6_MPXV_A29	C	a	4	0.0	1.0	0.0	0.0	0.0	0.0	0.0	0.0	0.0	0.6486674
UniProtKB_Q77HM6_MPXV_A29	K	b	4	0.0	0.0	1.0	0.0	0.0	0.0	0.0	0.0	0.0	0.6486674
UniProtKB_Q77HM6_MPXV_A29	H	c	4	0.0	0.0	0.0	1.0	0.0	0.0	0.0	0.0	0.0	0.6486674
UniProtKB_Q77HM6_MPXV_A29	N	d	4	0.0	0.0	0.0	0.0	1.0	0.0	0.0	0.0	0.0	0.6486674
UniProtKB_Q77HM6_MPXV_A29	D	e	4	0.0	0.0	0.0	0.0	0.0	1.0	0.0	0.0	0.0	0.6486674
UniProtKB_Q77HM6_MPXV_A29	E	f	4	0.0	0.0	0.0	0.0	0.0	0.0	1.0	0.0	0.0	0.6486674
UniProtKB_Q77HM6_MPXV_A29	V	g	4	0.0	0.0	0.0	0.0	0.0	0.0	0.0	1.0	0.0	0.6486674
UniProtKB_Q77HM6_MPXV_A29	L	a	4	0.0	1.0	0.0	0.0	0.0	0.0	0.0	0.0	0.0	0.6486674
UniProtKB_Q77HM6_MPXV_A29	F	b	4	0.0	0.0	1.0	0.0	0.0	0.0	0.0	0.0	0.0	0.6486674
UniProtKB_Q77HM6_MPXV_A29	R	c	4	0.0	0.0	0.0	1.0	0.0	0.0	0.0	0.0	0.0	0.6486674
UniProtKB_Q77HM6_MPXV_A29	L	d	4	0.0	0.0	0.0	0.0	1.0	0.0	0.0	0.0	0.0	0.6486674
UniProtKB_Q77HM6_MPXV_A29	E	e	4	0.0	0.0	0.0	0.0	0.0	1.0	0.0	0.0	0.0	0.6486674
UniProtKB_Q77HM6_MPXV_A29	N	f	4	0.0	0.0	0.0	0.0	0.0	0.0	1.0	0.0	0.0	0.6486674
UniProtKB_Q77HM6_MPXV_A29	H	g	4	0.0	0.0	0.0	0.0	0.0	0.0	0.0	1.0	0.0	0.6486674
UniProtKB_Q77HM6_MPXV_A29	A	a	4	0.0	1.0	0.0	0.0	0.0	0.0	0.0	0.0	0.0	0.6486674
UniProtKB_Q77HM6_MPXV_A29	E	b	4	0.0	0.0	1.0	0.0	0.0	0.0	0.0	0.0	0.0	0.6486674
UniProtKB_Q77HM6_MPXV_A29	T	c	4	0.0	0.0	0.0	1.0	0.0	0.0	0.0	0.0	0.0	0.6486674
UniProtKB_Q77HM6_MPXV_A29	L	d	4	0.0	0.0	0.0	0.0	1.0	0.0	0.0	0.0	0.0	0.6486674
UniProtKB_Q77HM6_MPXV_A29	R	e	4	0.0	0.0	0.0	0.0	0.0	1.0	0.0	0.0	0.0	0.6486674
UniProtKB_Q77HM6_MPXV_A29	A	f	4	0.0	0.0	0.0	0.0	0.0	0.0	1.0	0.0	0.0	0.6486674
UniProtKB_Q77HM6_MPXV_A29	A	g	4	0.0	0.0	0.0	0.0	0.0	0.0	0.0	1.0	0.0	0.6486674
UniProtKB_Q77HM6_MPXV_A29	M	a	4	0.0	1.0	0.0	0.0	0.0	0.0	0.0	0.0	0.0	0.6486674
UniProtKB_Q77HM6_MPXV_A29	I	b	4	0.0	0.0	1.0	0.0	0.0	0.0	0.0	0.0	0.0	0.6486674
UniProtKB_Q77HM6_MPXV_A29	S	c	4	0.0	0.0	0.0	1.0	0.0	0.0	0.0	0.0	0.0	0.6486674
UniProtKB_Q77HM6_MPXV_A29	L	d	4	0.01	0.0	0.0	0.0	0.99	0.0	0.0	0.0	0.0	0.6486674
UniProtKB_Q77HM6_MPXV_A29	A	e	4	0.07	0.03	0.0	0.0	0.0	0.9	0.0	0.0	0.0	0.6486674
UniProtKB_Q77HM6_MPXV_A29	K	f	4	0.1	0.0	0.02	0.0	0.0	0.0	0.87	0.0	0.0	0.6486674
UniProtKB_Q77HM6_MPXV_A29	K	g	4	0.14	0.0	0.0	0.02	0.0	0.0	0.0	0.84	0.0	0.6486674
UniProtKB_Q77HM6_MPXV_A29	I	a	4	0.18	0.79	0.0	0.0	0.03	0.0	0.0	0.0	0.0	0.6486674
UniProtKB_Q77HM6_MPXV_A29	D	b	4	0.48	0.01	0.51	0.0	0.0	0.01	0.0	0.0	0.0	0.6486674
UniProtKB_Q77HM6_MPXV_A29	V	i	i	0.61	0.0	0.0	0.38	0.0	0.0	0.0	0.0	0.0	0.0
UniProtKB_Q77HM6_MPXV_A29	Q	i	i	0.69	0.0	0.0	0.0	0.3	0.0	0.0	0.0	0.0	0.0
UniProtKB_Q77HM6_MPXV_A29	T	i	i	0.89	0.05	0.0	0.0	0.0	0.05	0.0	0.0	0.0	0.0
UniProtKB_Q77HM6_MPXV_A29	G	i	i	0.96	0.0	0.01	0.0	0.0	0.0	0.02	0.0	0.0	0.0
UniProtKB_Q77HM6_MPXV_A29	R	i	i	0.98	0.0	0.0	0.01	0.0	0.0	0.0	0.01	0.0	0.0
UniProtKB_Q77HM6_MPXV_A29	R	i	i	0.98	0.01	0.0	0.0	0.01	0.0	0.0	0.0	0.0	0.0
UniProtKB_Q77HM6_MPXV_A29	P	i	i	0.97	0.01	0.01	0.0	0.0	0.0	0.0	0.0	0.0	0.0
UniProtKB_Q77HM6_MPXV_A29	Y	i	i	0.91	0.03	0.01	0.02	0.02	0.01	0.0	0.01	0.0	0.0
UniProtKB_Q77HM6_MPXV_A29	E	i	i	0.56	0.11	0.07	0.05	0.09	0.05	0.03	0.04	0.0	0.0
