set	window	n_models_AP	assembly_min	on_A_others_min	on_B_others_min	on_C_others_min	assembly_max	on_A_others_max	on_B_others_max	on_C_others_max
S1-f_seed1	45-84	5	2.10	5.15	4.27	4.26	2.58	11.41	7.14	6.06
S1-f_seed1	47-65	5	0.81	1.66	1.38	1.91	1.25	2.71	3.57	2.72
S2-f_seed1	45-84	5	2.64	5.86	5.96	6.10	3.09	8.58	8.93	7.14
S2-f_seed1	47-65	5	0.74	1.39	1.50	1.64	1.08	2.08	2.23	2.78
S3-f_seed1	45-84	5	2.20	5.57	4.92	4.56	3.14	7.51	7.54	7.26
S3-f_seed1	47-65	5	0.84	1.39	1.70	1.83	1.05	2.74	2.62	2.79
S4-f_seed1	45-84	5	2.57	5.92	6.07	5.55	3.10	6.83	7.35	7.20
S4-f_seed1	47-65	5	0.75	1.53	1.18	2.02	1.12	1.94	3.22	2.88
S7-f_seed1	45-84	5	2.27	6.18	4.83	5.03	3.31	8.72	7.73	7.42
S7-f_seed1	47-65	5	0.70	1.26	1.24	1.52	1.08	2.52	2.49	2.74
