interface	chain_1	resn_1	resi_1	heptad_1	chain_2	resn_2	resi_2	heptad_2	distance
A-B	A	Ala	72	a	B	Ile	68	d	4.57
A-B	A	Ile	58	a	B	Lys	57	g	5.22
A-B	A	Leu	79	a	B	Asn	75	d	5.32
A-B	A	Leu	51	a	B	Arg	50	g	5.50
A-B	A	Phe	65	a	B	Val	61	d	5.53
A-B	A	Asn	75	d	B	Asn	75	d	5.99
A-B	A	Leu	54	d	B	Leu	54	d	6.08
A-B	A	Thr	62	e	B	Val	61	d	6.12
A-B	A	Ile	58	a	B	Ile	58	a	6.24
A-B	A	Ile	58	a	B	Leu	54	d	6.26
A-B	A	Ala	72	a	B	Ala	71	g	6.33
A-B	A	Leu	82	d	B	Leu	82	d	6.34
A-B	A	Leu	79	a	B	Val	78	g	6.46
A-B	A	Ile	68	d	B	Ile	68	d	6.54
A-B	A	Glu	55	e	B	Leu	54	d	6.62
A-B	A	Thr	62	e	B	Lys	57	g	6.64
A-B	A	Ala	72	a	B	Ala	72	a	6.73
A-B	A	Val	61	d	B	Val	61	d	6.81
A-B	A	Glu	69	e	B	Lys	64	g	6.81
A-B	A	Glu	69	e	B	Ile	68	d	6.83
A-B	A	Leu	79	a	B	Leu	79	a	6.90
A-B	A	Asp	76	e	B	Ala	71	g	6.98
A-B	A	Asn	75	d	B	Ala	72	a	7.09
A-B	A	Phe	65	a	B	Phe	65	a	7.16
A-B	A	Asp	76	e	B	Asn	75	d	7.18
A-B	A	Glu	55	e	B	Arg	50	g	7.28
A-B	A	Leu	51	a	B	Leu	47	d	7.30
A-B	A	Glu	83	e	B	Val	78	g	7.32
A-B	A	Leu	51	a	B	Leu	54	d	7.39
A-B	A	Leu	51	a	B	Leu	51	a	7.40
A-B	A	Phe	65	a	B	Lys	64	g	7.41
A-B	A	Glu	83	e	B	Leu	82	d	7.53
A-B	A	Leu	47	d	B	Leu	47	d	7.54
A-B	A	Leu	82	d	B	Leu	79	a	7.60
A-B	A	Lys	48	e	B	Leu	47	d	7.63
A-B	A	Ile	58	a	B	Val	61	d	7.77
A-C	A	Arg	50	g	C	Val	61	d	5.12
A-C	A	Leu	54	d	C	Lys	57	g	5.88
A-C	A	Lys	57	g	C	Leu	54	d	6.00
A-C	A	Leu	54	d	C	Ile	58	a	6.06
A-C	A	Leu	47	d	C	Lys	64	g	6.25
A-C	A	Val	61	d	C	Arg	50	g	6.27
A-C	A	Leu	47	d	C	Phe	65	a	6.33
A-C	A	Leu	51	a	C	Val	61	d	6.34
A-C	A	Val	61	d	C	Leu	54	d	6.42
A-C	A	Leu	54	d	C	Val	61	d	6.50
A-C	A	Leu	47	d	C	Val	61	d	6.61
A-C	A	Ile	58	a	C	Leu	54	d	6.61
A-C	A	Val	61	d	C	Leu	51	a	6.73
A-C	A	Leu	47	d	C	Ile	68	d	7.22
A-C	A	Leu	54	d	C	Leu	54	d	7.29
A-C	A	Lys	64	g	C	Leu	47	d	7.57
A-C	A	Arg	50	g	C	Lys	57	g	7.62
A-C	A	Phe	65	a	C	Leu	47	d	7.68
A-C	A	Ile	58	a	C	Ile	58	a	7.84
A-C	A	Lys	57	g	C	Lys	57	g	7.87
A-C	A	Val	61	d	C	Leu	47	d	7.95
B-C	B	Leu	51	a	C	Thr	62	e	5.21
B-C	B	Leu	54	d	C	Ile	58	a	5.31
B-C	B	Ile	58	a	C	Ile	58	a	5.41
B-C	B	Ile	58	a	C	Glu	55	e	5.55
B-C	B	Thr	62	e	C	Leu	51	a	5.68
B-C	B	Ile	58	a	C	Leu	54	d	5.93
B-C	B	Leu	51	a	C	Phe	65	a	6.02
B-C	B	Leu	47	d	C	Phe	65	a	6.07
B-C	B	Glu	55	e	C	Ile	58	a	6.16
B-C	B	Phe	65	a	C	Leu	51	a	6.71
B-C	B	Val	61	d	C	Leu	51	a	6.74
B-C	B	Glu	55	e	C	Thr	62	e	6.76
B-C	B	Thr	62	e	C	Glu	55	e	6.85
B-C	B	Leu	51	a	C	Val	61	d	7.18
B-C	B	Ile	58	a	C	Leu	51	a	7.21
B-C	B	Lys	48	e	C	Phe	65	a	7.74
B-C	B	Phe	65	a	C	Leu	47	d	7.75
B-C	B	Phe	65	a	C	Lys	48	e	7.83
B-C	B	Leu	51	a	C	Ile	58	a	7.90
B-C	B	Leu	54	d	C	Thr	62	e	7.99
