chain	residue	rmsf	plddt_mean	plddt_sd	plddt_min	plddt_max	n_models
A	1	14.53	34.5	2.3	30.4	40.3	97
A	2	14.66	42.8	2.2	37.4	48.4	97
A	3	13.88	42.3	2.4	34.7	49.1	97
A	4	12.08	44.1	2.5	37.1	51.3	97
A	5	10.14	43.6	2.3	36.9	48.9	97
A	6	9.41	41.6	2.5	35.7	48.0	97
A	7	11.3	42.6	3.0	37.7	51.0	97
A	8	11.41	42.5	2.8	36.2	50.8	97
A	9	9.92	44.9	2.5	38.6	51.5	97
A	10	11.77	47.0	2.4	41.5	53.5	97
A	11	11.46	48.2	2.4	40.8	54.5	97
A	12	9.59	46.7	2.4	40.5	53.4	97
A	13	9.9	49.1	2.8	37.8	55.2	97
A	14	9.38	43.2	2.8	32.1	51.0	97
A	15	10.4	48.6	3.1	38.5	56.1	97
A	16	9.06	44.1	3.4	32.3	50.7	97
A	17	9.94	47.3	3.0	37.0	54.2	97
A	18	9.34	46.2	3.0	35.6	53.6	97
A	19	7.11	40.9	3.4	29.3	49.2	97
A	20	6.68	39.2	3.2	28.5	47.7	97
A	21	7.55	41.0	2.7	31.6	46.9	97
A	22	6.48	39.4	2.8	31.3	46.8	97
A	23	6.34	39.6	2.2	33.8	46.4	97
A	24	6.01	39.1	2.5	33.5	47.1	97
A	25	4.7	42.6	1.9	36.5	47.3	97
A	26	4.62	47.0	2.0	41.8	50.6	97
A	27	4.65	52.1	3.3	43.3	58.7	97
A	28	3.61	52.4	3.4	43.7	60.4	97
A	29	3.84	56.7	3.9	46.3	66.5	97
A	30	3.96	60.4	3.5	50.3	68.2	97
A	31	3.15	54.1	3.8	43.4	64.2	97
A	32	2.64	57.2	4.1	46.9	65.8	97
A	33	3.07	60.8	4.1	49.8	70.1	97
A	34	3.12	56.0	3.9	44.7	65.0	97
A	35	2.63	54.4	4.7	41.7	65.8	97
A	36	2.58	53.1	4.6	41.6	63.6	97
A	37	2.98	54.3	4.4	43.0	65.5	97
A	38	3.56	47.7	3.8	40.3	58.7	97
A	39	3.39	45.3	4.2	36.5	57.2	97
A	40	3.09	51.2	4.1	42.8	63.9	97
A	41	2.75	53.8	4.2	40.8	65.7	97
A	42	1.95	53.1	4.2	39.6	64.6	97
A	43	1.75	57.8	4.4	35.5	67.9	97
A	44	1.89	59.7	4.5	38.4	69.6	97
A	45	1.54	67.4	3.4	50.9	75.2	97
A	46	1.31	70.2	3.3	59.8	77.5	97
A	47	1.05	68.4	3.3	60.7	75.9	97
A	48	1.07	70.2	3.0	63.5	77.6	97
A	49	1.18	76.9	2.7	68.9	82.8	97
A	50	1.03	75.9	3.2	67.3	83.0	97
A	51	0.89	73.0	3.6	63.8	81.0	97
A	52	1.02	78.0	2.7	72.0	84.7	97
A	53	1.04	78.7	2.9	71.1	84.9	97
A	54	0.88	74.8	3.5	65.8	83.0	97
A	55	0.89	77.3	3.0	69.8	84.9	97
A	56	1.02	80.8	2.4	75.3	86.8	97
A	57	0.95	76.6	3.0	69.6	83.2	97
A	58	0.85	73.5	3.6	64.1	82.1	97
A	59	0.97	78.2	2.8	71.9	84.4	97
A	60	1.02	77.1	2.9	70.1	83.4	97
A	61	0.91	72.1	3.7	62.4	80.6	97
A	62	0.92	74.0	3.0	66.5	80.6	97
A	63	1.05	76.9	2.7	70.7	82.8	97
A	64	1.01	70.9	3.1	62.6	77.7	97
A	65	0.9	70.5	3.3	61.1	78.0	97
A	66	1.02	74.2	2.6	67.0	79.9	97
A	67	1.06	72.4	2.8	65.1	78.7	97
A	68	0.91	67.8	3.3	58.4	75.5	97
A	69	0.91	69.3	2.9	61.1	76.1	97
A	70	1.04	73.0	2.5	66.9	78.5	97
A	71	0.95	68.1	3.6	58.2	75.4	97
A	72	0.84	67.7	3.3	58.2	74.5	97
A	73	0.98	69.5	2.6	62.4	75.3	97
A	74	0.99	69.6	2.6	62.7	74.4	97
A	75	0.79	67.1	3.3	57.1	72.5	97
A	76	0.93	66.2	2.8	59.0	71.5	97
A	77	1.05	69.5	2.4	62.4	73.9	97
A	78	0.84	66.2	2.7	58.4	70.9	97
A	79	0.82	65.0	2.7	56.4	70.4	97
A	80	1.11	67.0	2.3	60.7	71.1	97
A	81	1.03	67.9	2.2	61.8	72.4	97
A	82	0.85	66.0	2.7	57.7	71.9	97
A	83	1.23	65.4	2.0	60.0	70.0	97
A	84	1.36	68.5	2.0	62.8	72.9	97
A	85	1.04	66.9	1.8	61.2	72.1	97
A	86	1.23	65.6	2.1	58.7	70.4	97
A	87	1.64	68.8	1.6	64.4	72.9	97
A	88	1.46	69.1	2.1	63.7	75.3	97
A	89	1.2	67.9	2.3	60.7	74.0	97
A	90	1.73	66.7	1.7	62.3	71.4	97
A	91	1.99	71.6	2.1	67.3	76.5	97
A	92	1.58	67.9	2.0	61.8	73.9	97
A	93	1.61	67.3	2.1	60.8	71.2	97
A	94	2.23	69.1	1.5	65.4	72.5	97
A	95	2.21	70.2	2.1	66.3	75.5	97
A	96	1.73	68.1	2.1	61.8	73.3	97
A	97	2.14	68.2	1.8	61.8	71.8	97
A	98	2.66	72.6	1.6	68.1	76.7	97
A	99	2.37	69.3	2.3	62.2	75.0	97
A	100	2.12	68.3	2.5	59.9	73.0	97
A	101	2.77	70.2	2.2	62.1	74.5	97
A	102	3.05	72.6	2.6	65.5	78.5	97
A	103	2.66	71.6	2.4	64.4	75.9	97
A	104	2.67	68.4	2.7	58.5	73.2	97
A	105	3.41	72.6	3.0	63.1	78.8	97
A	106	3.85	65.9	3.5	54.3	71.5	97
A	107	4.69	61.8	3.3	53.1	70.3	97
A	108	5.98	64.0	6.8	46.5	75.4	97
A	109	7.25	60.7	5.7	48.0	71.5	97
A	110	8.2	52.6	3.8	41.7	59.6	97
B	1	14.05	36.5	1.5	32.9	40.1	97
B	2	14.17	44.9	1.8	38.2	50.3	97
B	3	13.52	44.2	1.8	37.7	48.0	97
B	4	11.88	45.8	1.9	39.6	49.9	97
B	5	10.01	44.5	1.7	39.0	48.2	97
B	6	9.22	42.5	1.8	37.9	46.9	97
B	7	11.02	45.2	1.5	41.0	49.3	97
B	8	11.1	44.4	1.7	39.1	48.8	97
B	9	9.68	45.1	1.6	40.4	49.3	97
B	10	11.61	47.4	1.9	41.4	51.8	97
B	11	11.52	47.7	2.2	40.3	53.4	97
B	12	9.61	45.8	1.9	40.3	50.9	97
B	13	9.71	48.8	2.6	38.0	54.2	97
B	14	9.18	43.1	2.2	36.2	47.9	97
B	15	10.15	48.2	2.6	40.7	53.5	97
B	16	8.69	45.2	2.7	35.6	49.5	97
B	17	9.7	47.5	2.5	40.3	52.3	97
B	18	9.21	46.2	2.5	40.3	51.2	97
B	19	6.9	41.5	2.5	35.4	47.0	97
B	20	6.59	39.9	2.5	33.0	44.2	97
B	21	7.76	41.3	2.6	34.6	47.4	97
B	22	6.91	39.3	2.5	31.9	45.8	97
B	23	7.0	39.0	2.1	34.4	45.4	97
B	24	6.96	38.8	2.7	33.2	47.5	97
B	25	5.81	43.6	1.6	40.0	49.0	97
B	26	5.56	46.7	1.8	41.7	52.4	97
B	27	5.52	51.7	2.8	45.8	58.5	97
B	28	4.64	51.8	2.7	45.0	58.5	97
B	29	4.75	55.3	3.2	48.5	63.6	97
B	30	4.64	60.1	3.0	52.7	66.7	97
B	31	3.77	55.6	2.9	48.3	61.8	97
B	32	3.34	56.5	3.6	49.8	64.2	97
B	33	3.58	60.7	3.4	52.9	69.0	97
B	34	3.29	58.1	3.6	50.0	65.9	97
B	35	2.76	56.4	4.1	47.3	64.9	97
B	36	2.84	55.0	4.3	46.1	64.3	97
B	37	2.99	56.6	4.2	46.9	65.8	97
B	38	3.22	52.4	3.9	45.2	61.3	97
B	39	2.72	50.2	4.2	42.0	60.9	97
B	40	2.66	54.3	4.0	42.5	64.1	97
B	41	2.5	55.2	3.8	41.6	65.0	97
B	42	1.93	54.2	4.3	38.1	63.7	97
B	43	2.03	56.9	4.5	33.9	65.7	97
B	44	2.18	58.1	5.1	36.7	67.8	97
B	45	1.75	64.9	3.4	48.5	71.7	97
B	46	1.37	67.9	3.8	53.7	74.8	97
B	47	1.15	66.6	4.8	53.2	74.4	97
B	48	1.2	69.3	3.7	59.3	76.2	97
B	49	1.2	74.6	3.0	63.9	80.0	97
B	50	1.01	72.8	4.4	61.7	80.0	97
B	51	0.94	71.7	4.4	60.8	79.2	97
B	52	1.02	76.3	3.1	66.8	82.1	97
B	53	0.96	77.4	3.4	67.0	83.5	97
B	54	0.84	73.0	4.6	61.8	81.2	97
B	55	0.88	77.1	3.5	67.8	83.3	97
B	56	0.9	79.7	2.8	72.5	85.2	97
B	57	0.81	74.4	3.7	64.5	80.8	97
B	58	0.79	72.0	4.4	60.6	80.2	97
B	59	0.87	77.0	3.2	69.2	83.2	97
B	60	0.83	74.8	3.3	66.6	81.3	97
B	61	0.76	69.4	4.5	59.0	76.9	97
B	62	0.82	72.8	3.5	64.0	80.2	97
B	63	0.87	74.3	2.9	67.4	80.9	97
B	64	0.81	68.7	3.8	60.1	76.2	97
B	65	0.8	68.9	4.1	59.0	75.8	97
B	66	0.88	73.3	3.0	66.3	79.6	97
B	67	0.86	70.6	3.3	63.1	77.7	97
B	68	0.74	66.5	4.0	57.6	73.9	97
B	69	0.83	70.2	3.4	62.7	77.9	97
B	70	0.96	72.6	3.0	65.3	79.4	97
B	71	0.83	67.1	3.9	58.3	74.8	97
B	72	0.72	68.5	4.0	59.3	75.6	97
B	73	1.0	70.6	3.1	63.3	77.7	97
B	74	1.08	69.3	3.1	61.7	74.8	97
B	75	0.79	67.1	4.0	57.3	73.4	97
B	76	0.88	68.0	3.2	60.6	74.2	97
B	77	1.23	70.8	2.7	63.5	76.3	97
B	78	1.09	66.3	3.3	57.8	71.7	97
B	79	0.74	66.6	3.3	58.3	71.7	97
B	80	1.14	69.1	2.7	61.6	74.4	97
B	81	1.32	68.6	2.6	62.2	73.4	97
B	82	0.93	65.6	3.3	57.3	71.6	97
B	83	0.93	67.3	2.3	61.5	71.8	97
B	84	1.35	70.4	2.0	64.8	74.6	97
B	85	1.25	66.8	2.3	61.1	71.8	97
B	86	0.9	65.9	2.6	59.2	70.7	97
B	87	1.24	70.6	1.7	66.2	74.8	97
B	88	1.48	69.4	2.0	64.8	73.5	97
B	89	1.2	67.4	2.8	60.5	72.7	97
B	90	1.16	68.7	2.0	63.8	73.8	97
B	91	1.55	73.1	1.6	69.5	76.8	97
B	92	1.56	67.3	2.1	62.0	71.5	97
B	93	1.38	66.9	2.4	61.5	72.1	97
B	94	1.57	70.6	2.1	66.3	76.3	97
B	95	1.81	71.7	1.8	66.1	75.8	97
B	96	1.76	67.4	2.5	61.7	71.9	97
B	97	1.72	68.8	2.1	64.9	74.9	97
B	98	1.93	73.7	1.8	70.4	78.7	97
B	99	2.14	69.1	2.5	62.7	73.2	97
B	100	2.17	67.8	2.8	61.5	73.2	97
B	101	2.18	70.3	2.5	65.1	77.5	97
B	102	2.39	72.7	2.2	66.6	78.4	97
B	103	2.63	71.0	2.3	64.4	74.8	97
B	104	2.64	67.8	2.6	60.7	73.1	97
B	105	2.75	72.1	2.9	65.2	77.6	97
B	106	2.93	65.9	3.9	55.7	73.6	97
B	107	3.71	62.4	4.0	53.5	70.9	97
B	108	5.25	63.9	6.5	48.3	73.2	97
B	109	6.83	60.4	4.7	49.0	69.8	97
B	110	7.71	52.8	3.4	43.9	58.8	97
C	1	15.88	36.0	1.8	32.1	40.3	97
C	2	16.36	43.7	1.8	39.1	47.7	97
C	3	15.77	43.9	2.0	39.8	49.3	97
C	4	13.5	46.8	2.4	40.3	52.3	97
C	5	10.87	45.7	1.9	40.3	49.5	97
C	6	9.8	44.0	2.1	38.8	49.8	97
C	7	12.04	45.0	1.8	40.9	50.3	97
C	8	12.17	44.1	2.1	38.9	50.8	97
C	9	10.82	46.4	2.0	42.0	52.7	97
C	10	13.71	48.4	2.1	43.2	54.0	97
C	11	13.44	49.4	2.3	42.1	55.1	97
C	12	11.1	48.0	2.4	41.8	55.2	97
C	13	11.51	50.9	2.7	39.4	55.5	97
C	14	10.96	45.7	2.5	37.6	51.3	97
C	15	12.49	51.0	2.8	41.8	56.2	97
C	16	10.77	46.7	3.0	36.3	52.2	97
C	17	12.1	49.6	2.8	41.0	55.3	97
C	18	11.26	49.0	2.9	40.0	55.7	97
C	19	8.26	44.5	3.2	35.9	51.2	97
C	20	7.94	42.7	3.2	34.2	50.4	97
C	21	9.19	43.4	2.8	36.5	49.9	97
C	22	7.83	42.0	2.7	35.3	47.0	97
C	23	7.64	41.7	2.3	36.3	47.0	97
C	24	7.2	41.0	2.6	34.5	47.0	97
C	25	5.76	44.1	1.9	39.3	48.3	97
C	26	5.37	48.2	2.0	43.0	53.1	97
C	27	5.26	54.2	2.9	45.8	60.5	97
C	28	4.39	54.7	3.3	46.9	63.8	97
C	29	4.22	59.8	3.6	50.4	70.2	97
C	30	4.07	63.1	3.0	55.5	71.7	97
C	31	3.55	58.6	3.4	51.3	68.8	97
C	32	3.07	60.7	3.5	52.1	70.3	97
C	33	3.0	64.6	3.5	56.5	74.3	97
C	34	2.88	61.4	3.7	53.2	71.6	97
C	35	2.75	59.3	4.1	49.9	71.2	97
C	36	2.63	58.5	4.6	48.4	71.1	97
C	37	2.52	59.6	4.1	51.0	71.1	97
C	38	3.1	54.2	4.1	46.1	65.5	97
C	39	2.81	51.6	4.6	41.9	64.0	97
C	40	2.46	55.3	4.3	41.9	67.6	97
C	41	2.05	56.0	4.2	40.5	67.9	97
C	42	1.82	56.4	4.4	38.6	67.9	97
C	43	2.03	59.6	4.6	35.2	70.2	97
C	44	2.09	62.2	4.8	38.1	73.0	97
C	45	1.52	68.5	3.3	50.7	76.8	97
C	46	1.16	70.6	3.1	58.6	78.5	97
C	47	1.0	71.1	3.0	62.9	77.9	97
C	48	0.99	71.6	2.7	63.4	78.6	97
C	49	1.02	77.0	2.5	67.6	82.8	97
C	50	0.9	75.3	3.1	66.3	81.7	97
C	51	0.84	74.9	2.9	66.8	81.2	97
C	52	0.92	78.5	2.4	71.7	83.8	97
C	53	0.91	78.1	2.7	69.3	83.8	97
C	54	0.81	75.7	2.8	67.7	82.2	97
C	55	0.86	78.0	2.6	71.7	83.8	97
C	56	0.94	80.1	2.2	74.6	84.8	97
C	57	0.87	75.0	2.8	67.9	80.9	97
C	58	0.84	73.7	2.9	66.3	80.0	97
C	59	0.95	77.3	2.5	71.5	83.2	97
C	60	0.97	74.9	2.8	68.1	80.8	97
C	61	0.86	70.6	3.2	62.9	77.6	97
C	62	0.93	73.1	2.6	66.8	79.0	97
C	63	1.07	74.1	2.5	68.1	79.3	97
C	64	0.99	68.1	3.4	60.6	74.4	97
C	65	0.91	68.9	2.8	61.6	74.4	97
C	66	1.08	72.3	2.4	66.0	77.0	97
C	67	1.1	69.3	3.0	61.8	74.8	97
C	68	0.9	64.4	3.2	55.7	70.3	97
C	69	0.98	67.0	2.7	59.8	72.5	97
C	70	1.16	69.9	2.5	63.7	74.9	97
C	71	1.01	63.7	3.5	55.2	69.8	97
C	72	0.84	64.0	3.1	56.0	69.4	97
C	73	1.1	66.4	2.5	60.3	71.8	97
C	74	1.16	66.1	2.8	58.7	70.7	97
C	75	0.86	62.2	3.6	51.7	68.6	97
C	76	0.94	63.0	2.6	55.4	67.6	97
C	77	1.22	66.4	2.3	60.2	70.8	97
C	78	1.06	62.2	2.7	53.8	67.0	97
C	79	0.83	60.8	2.6	53.5	65.5	97
C	80	1.14	63.5	2.1	57.6	67.3	97
C	81	1.24	63.8	2.2	58.1	67.5	97
C	82	1.01	60.3	2.3	54.2	64.7	97
C	83	1.14	61.6	1.9	56.5	66.6	97
C	84	1.39	64.5	1.9	59.6	69.0	97
C	85	1.29	62.3	1.7	58.0	65.3	97
C	86	1.28	61.1	1.9	56.6	66.1	97
C	87	1.55	65.7	1.4	61.9	69.6	97
C	88	1.58	64.4	1.6	60.0	68.2	97
C	89	1.51	62.9	1.9	57.4	67.1	97
C	90	1.74	63.2	1.5	59.6	68.1	97
C	91	1.93	67.7	1.9	64.9	73.3	97
C	92	1.84	63.3	1.5	59.6	66.4	97
C	93	1.96	64.0	1.7	59.7	70.1	97
C	94	2.26	66.2	1.4	63.3	70.5	97
C	95	2.29	66.9	1.7	63.6	71.6	97
C	96	2.27	64.7	1.6	60.8	69.8	97
C	97	2.57	65.6	1.6	62.2	71.6	97
C	98	2.76	70.8	1.3	67.0	75.5	97
C	99	2.75	66.7	1.4	63.4	70.5	97
C	100	2.92	67.1	1.7	62.5	73.1	97
C	101	3.22	68.7	1.8	63.2	74.5	97
C	102	3.31	70.9	2.2	64.4	78.4	97
C	103	3.38	71.9	2.0	65.9	77.6	97
C	104	3.65	69.6	2.5	63.7	77.8	97
C	105	3.93	72.4	2.7	65.2	79.9	97
C	106	4.12	65.3	2.6	56.3	74.9	97
C	107	4.5	61.1	2.9	52.3	69.7	97
C	108	5.62	64.1	5.9	47.2	75.5	97
C	109	6.89	59.2	4.8	48.2	71.5	97
C	110	7.51	51.2	3.6	40.1	60.6	97
