seed	model	class	confidence	ptm	iptm	plddt_N_terminal	plddt_spacer	plddt_coiled_coil	plddt_C_terminal	d_A47_C65	d_A65_C47	max_restraint_dist	restraints_ok	violations	face_A_to_C	A_to_C_e	A_to_C_g	face_B_to_C	B_to_C_e	B_to_C_g
1	0	AP	0.675	0.825	0.821			72.8		6.22	6.34	6.34	True		e	3	0	g	0	3
1	1	AP	0.633	0.76	0.756			67.5		6.51	6.81	6.81	True		e	3	0	g	0	3
1	2	AP	0.632	0.741	0.73			69.2		5.99	6.33	6.33	True		e	3	0	g	0	3
1	3	AP	0.624	0.726	0.719			68.5		6.1	6.63	6.63	True		e	3	0	g	0	3
1	4	AP	0.608	0.677	0.664			65.8		6.76	6.86	6.86	True		e	3	0	g	0	2
2	0	AP	0.674	0.841	0.837			72.9		6.32	6.34	6.34	True		e	3	0	g	0	3
2	1	AP	0.66	0.795	0.787			71.5		6.13	5.69	6.13	True		e	3	0	g	0	3
2	2	AP	0.646	0.785	0.777			70.4		6.34	6.45	6.45	True		e	3	0	g	0	3
2	3	AP	0.641	0.774	0.768			70.2		6.09	6.21	6.21	True		e	3	0	g	0	3
2	4	AP	0.608	0.8	0.791			64.2		5.89	5.93	5.93	True		e	3	0	g	0	3
3	0	AP	0.663	0.791	0.785			73.3		6.63	6.73	6.73	True		e	3	0	g	0	3
3	1	AP	0.656	0.795	0.789			71.1		6.12	6.44	6.44	True		e	3	0	g	0	3
3	2	AP	0.655	0.805	0.797			71.2		6.28	6.6	6.6	True		e	3	0	g	0	3
3	3	AP	0.65	0.777	0.777			69.7		6.39	6.31	6.39	True		e	3	0	g	0	3
3	4	AP	0.63	0.733	0.721			68.5		5.9	6.25	6.25	True		e	3	0	g	0	3
4	0	AP	0.656	0.806	0.798			71.6		6.07	6.41	6.41	True		e	3	0	g	0	3
4	1	AP	0.65	0.781	0.782			69.9		6.04	6.19	6.19	True		e	3	0	g	0	2
4	2	AP	0.649	0.769	0.766			71.0		6.24	6.67	6.67	True		e	3	0	g	0	3
4	3	AP	0.634	0.771	0.767			68.6		6.29	6.5	6.5	True		e	3	0	g	0	2
4	4	AP	0.626	0.719	0.713			69.0		6.03	6.36	6.36	True		e	3	0	g	0	3
5	0	AP	0.673	0.785	0.782			73.4		5.97	6.59	6.59	True		e	3	0	g	0	3
5	1	AP	0.656	0.762	0.757			71.6		6.17	6.52	6.52	True		e	3	0	g	0	3
5	2	AP	0.656	0.784	0.776			72.2		6.71	6.85	6.85	True		e	3	0	g	0	3
5	3	AP	0.645	0.808	0.803			69.2		6.5	6.52	6.52	True		e	3	0	g	0	3
5	4	AP	0.606	0.743	0.725			65.1		6.52	6.56	6.56	True		e	3	0	g	0	3
6	0	AP	0.638	0.773	0.767			68.4		6.03	6.63	6.63	True		e	3	0	g	0	3
6	1	AP	0.618	0.706	0.701			67.4		6.5	6.62	6.62	True		e	3	0	g	0	3
6	2	AP	0.617	0.731	0.715			66.8		6.86	7.02	7.02	True		e	3	0	g	0	3
6	3	AP	0.616	0.685	0.66			67.3		6.4	6.85	6.85	True		e	3	0	g	0	3
6	4	AP	0.6	0.696	0.688			65.4		5.98	6.19	6.19	True		e	3	0	g	0	3
7	0	AP	0.656	0.774	0.77			72.5		6.19	6.89	6.89	True		e	3	0	g	0	3
7	1	AP	0.656	0.799	0.791			71.5		6.02	5.95	6.02	True		e	3	0	g	0	3
7	2	AP	0.653	0.784	0.784			70.2		6.13	6.58	6.58	True		e	3	0	g	0	3
7	3	AP	0.648	0.759	0.76			70.9		6.34	6.57	6.57	True		e	3	0	g	0	3
7	4	AP	0.624	0.702	0.686			68.8		6.1	6.25	6.25	True		e	3	0	g	0	3
8	0	AP	0.653	0.777	0.78			70.9		6.14	6.16	6.16	True		e	3	0	g	0	3
8	1	AP	0.65	0.777	0.771			70.9		6.29	6.46	6.46	True		e	3	0	g	0	3
8	2	AP	0.64	0.761	0.758			69.0		6.2	6.41	6.41	True		e	3	0	g	0	3
8	3	AP	0.633	0.747	0.743			68.9		6.59	6.78	6.78	True		e	3	0	g	0	3
8	4	AP	0.595	0.701	0.685			65.0		6.01	5.86	6.01	True		e	3	0	g	0	3
9	0	AP	0.657	0.821	0.817			70.0		6.2	6.22	6.22	True		e	3	0	g	0	3
9	1	AP	0.654	0.772	0.766			71.2		6.41	6.37	6.41	True		e	3	0	g	0	3
9	2	AP	0.638	0.768	0.762			69.1		5.85	6.15	6.15	True		e	3	0	g	0	3
9	3	AP	0.629	0.767	0.764			68.3		6.51	6.56	6.56	True		e	3	0	g	0	3
9	4	AP	0.624	0.737	0.736			67.9		5.96	6.41	6.41	True		e	3	0	g	0	3
10	0	AP	0.682	0.785	0.788			74.3		6.25	6.85	6.85	True		e	3	0	g	0	3
10	1	AP	0.657	0.794	0.789			71.6		6.25	6.38	6.38	True		e	3	0	g	0	3
10	2	AP	0.622	0.737	0.728			67.6		6.27	6.35	6.35	True		e	3	0	g	0	3
10	3	AP	0.621	0.732	0.711			67.4		6.28	6.52	6.52	True		e	3	0	g	0	3
10	4	AP	0.613	0.765	0.756			65.7		6.41	7.28	7.28	True		e	3	0	g	0	3
11	0	AP	0.668	0.829	0.825			71.6		6.62	6.32	6.62	True		e	3	0	g	0	3
11	1	AP	0.648	0.803	0.797			69.7		6.13	6.71	6.71	True		e	3	0	g	0	3
11	2	AP	0.642	0.743	0.737			71.0		6.65	6.7	6.7	True		e	3	0	g	0	3
11	3	AP	0.631	0.785	0.788			67.3		6.48	6.51	6.51	True		e	3	0	g	0	3
11	4	AP	0.623	0.747	0.743			69.0		6.82	6.83	6.83	True		e	3	0	g	0	3
12	0	AP	0.671	0.817	0.814			72.0		6.42	6.7	6.7	True		e	3	0	g	0	3
12	1	AP	0.67	0.82	0.816			71.1		6.17	6.52	6.52	True		e	3	0	g	0	3
12	2	AP	0.642	0.785	0.78			70.3		6.37	6.47	6.47	True		e	3	0	g	0	3
12	3	AP	0.637	0.753	0.74			68.9		6.47	6.88	6.88	True		e	3	0	g	0	3
12	4	AP	0.617	0.711	0.693			67.4		6.15	6.36	6.36	True		e	3	0	g	0	3
13	0	AP	0.663	0.805	0.803			71.6		5.88	6.16	6.16	True		e	3	0	g	0	3
13	1	AP	0.663	0.789	0.793			72.3		6.12	6.45	6.45	True		e	3	0	g	0	3
13	2	AP	0.654	0.791	0.785			71.6		6.59	6.8	6.8	True		e	3	0	g	0	3
13	3	AP	0.636	0.757	0.749			70.7		6.33	6.19	6.33	True		e	3	0	g	0	3
13	4	AP	0.618	0.743	0.735			66.3		6.51	6.78	6.78	True		e	3	0	g	0	3
14	0	AP	0.666	0.774	0.77			72.6		6.51	6.82	6.82	True		e	3	0	g	0	3
14	1	AP	0.662	0.778	0.769			72.0		6.26	6.34	6.34	True		e	3	0	g	0	3
14	2	AP	0.652	0.802	0.798			70.6		6.63	6.56	6.63	True		e	3	0	g	0	3
14	3	AP	0.59	0.678	0.662			65.0		6.29	6.22	6.29	True		e	3	0	g	0	3
14	4	AP	0.57	0.604	0.595			64.1		6.59	6.79	6.79	True		e	3	0	g	0	2
15	0	AP	0.679	0.792	0.794			73.2		6.33	6.7	6.7	True		e	3	0	g	0	3
15	1	AP	0.636	0.741	0.737			70.3		5.93	6.17	6.17	True		e	3	0	g	0	3
15	2	AP	0.631	0.676	0.67			70.6		5.96	6.6	6.6	True		e	3	0	g	0	3
15	3	AP	0.618	0.679	0.664			68.9		6.19	6.28	6.28	True		e	3	0	g	0	3
15	4	AP	0.614	0.675	0.657			68.9		6.31	6.24	6.31	True		e	3	0	g	0	3
16	0	AP	0.64	0.772	0.762			69.0		6.2	6.43	6.43	True		e	3	0	g	0	3
16	1	AP	0.611	0.735	0.727			65.3		6.58	7.04	7.04	True		e	3	0	g	0	2
16	2	AP	0.606	0.691	0.676			66.9		6.57	6.93	6.93	True		e	3	0	g	0	3
16	3	AP	0.588	0.661	0.646			65.1		6.27	6.64	6.64	True		e	3	0	g	0	3
16	4	AP	0.565	0.601	0.564			64.5		6.2	6.44	6.44	True		e	3	0	g	0	3
17	0	AP	0.66	0.781	0.774			73.0		5.98	6.05	6.05	True		e	3	0	g	0	3
17	1	AP	0.648	0.811	0.81			68.7		6.39	6.98	6.98	True		e	3	0	g	0	3
17	2	AP	0.643	0.792	0.784			68.9		6.13	6.39	6.39	True		e	3	0	g	0	3
17	3	AP	0.632	0.759	0.759			69.1		6.1	6.15	6.15	True		e	3	0	g	0	3
17	4	P	0.52	0.475	0.378			62.3		26.58	25.69	26.58	False	A47-C65=26.6; A65-C47=25.7	-	0	0	-	0	0
18	0	AP	0.666	0.767	0.757			72.6		6.49	6.94	6.94	True		e	3	0	g	0	3
18	1	AP	0.652	0.802	0.794			71.0		6.34	6.69	6.69	True		e	3	0	g	0	3
18	2	AP	0.645	0.782	0.774			69.1		6.21	6.49	6.49	True		e	3	0	g	0	3
18	3	AP	0.644	0.807	0.799			68.8		6.26	6.24	6.26	True		e	3	0	g	0	3
18	4	AP	0.626	0.746	0.742			68.0		6.34	6.47	6.47	True		e	3	0	g	0	3
19	0	AP	0.668	0.778	0.775			73.0		6.38	6.59	6.59	True		e	3	0	g	0	3
19	1	AP	0.637	0.702	0.687			70.8		6.47	6.53	6.53	True		e	3	0	g	0	3
19	2	AP	0.621	0.75	0.743			66.2		6.42	6.86	6.86	True		e	3	0	g	0	2
19	3	AP	0.614	0.732	0.716			67.9		6.12	6.34	6.34	True		e	3	0	g	0	3
19	4	AP	0.612	0.712	0.702			66.1		6.4	6.62	6.62	True		e	3	0	g	0	3
20	0	AP	0.674	0.784	0.779			74.1		6.23	6.46	6.46	True		e	3	0	g	0	3
20	1	AP	0.66	0.791	0.789			71.2		6.29	6.85	6.85	True		e	3	0	g	0	3
20	2	AP	0.658	0.797	0.792			72.3		6.31	6.62	6.62	True		e	3	0	g	0	3
20	3	AP	0.658	0.824	0.82			70.5		6.69	6.66	6.69	True		e	3	0	g	0	3
20	4	AP	0.629	0.751	0.735			67.8		5.98	6.2	6.2	True		e	3	0	g	0	3
