seed	n	AP	P	X	ptm	iptm	confidence	plddt_cc	restraints_ok
1	5	5	0	0	0.746	0.738	0.634	68.8	5
2	5	5	0	0	0.799	0.792	0.646	69.8	5
3	5	5	0	0	0.780	0.774	0.651	70.8	5
4	5	5	0	0	0.769	0.765	0.643	70.0	5
5	5	5	0	0	0.776	0.769	0.647	70.3	5
6	5	5	0	0	0.718	0.706	0.618	67.1	5
7	5	5	0	0	0.764	0.758	0.647	70.8	5
8	5	5	0	0	0.753	0.747	0.634	68.9	5
9	5	5	0	0	0.773	0.769	0.640	69.3	5
10	5	5	0	0	0.763	0.754	0.639	69.3	5
11	5	5	0	0	0.781	0.778	0.642	69.7	5
12	5	5	0	0	0.777	0.769	0.647	69.9	5
13	5	5	0	0	0.777	0.773	0.647	70.5	5
14	5	5	0	0	0.727	0.719	0.628	68.9	5
15	5	5	0	0	0.713	0.704	0.636	70.4	5
16	5	5	0	0	0.692	0.675	0.602	66.2	5
17	5	4	1	0	0.724	0.701	0.621	68.4	4
18	5	5	0	0	0.781	0.773	0.647	69.9	5
19	5	5	0	0	0.735	0.725	0.630	68.8	5
20	5	5	0	0	0.789	0.783	0.656	71.2	5
