ref_res,ref_aa,aln_col,occupancy,conservation
1,M,1,0.9833333333333333,0.9833333333333333
2,D,2,0.9166666666666666,0.5166666666666667
3,G,3,0.9166666666666666,0.36666666666666664
4,T,8,0.6833333333333333,0.3333333333333333
5,L,9,0.6666666666666666,0.26666666666666666
6,F,10,0.6666666666666666,0.5333333333333333
7,P,11,0.6666666666666666,0.6666666666666666
8,G,12,0.9833333333333333,0.7666666666666667
9,D,13,0.9666666666666667,0.8333333333333334
10,D,14,0.9666666666666667,0.5833333333333334
11,D,18,0.9333333333333333,0.5833333333333334
12,L,19,0.95,0.2833333333333333
13,A,20,0.9666666666666667,0.25
14,I,21,0.9666666666666667,0.4166666666666667
15,P,22,0.9666666666666667,0.36666666666666664
16,A,23,0.8833333333333333,0.26666666666666666
17,T,24,0.8833333333333333,0.31666666666666665
18,E,145,0.65,0.2833333333333333
19,F,147,0.6333333333333333,0.2833333333333333
20,F,148,0.6666666666666666,0.26666666666666666
21,S,149,0.6666666666666666,0.26666666666666666
22,T,150,0.6666666666666666,0.3
23,K,151,0.6666666666666666,0.36666666666666664
24,A,152,0.65,0.25
25,A,153,0.65,0.25
26,K,154,0.6333333333333333,0.35
27,N,155,0.6333333333333333,0.45
28,P,156,0.6333333333333333,0.21666666666666667
29,E,157,0.6333333333333333,0.21666666666666667
30,T,158,0.6333333333333333,0.25
31,K,168,0.5833333333333334,0.35
32,R,169,0.5833333333333334,0.21666666666666667
33,E,170,0.5833333333333334,0.2
34,A,172,0.5333333333333333,0.18333333333333332
35,I,176,0.6,0.16666666666666666
36,V,177,0.6,0.31666666666666665
37,K,178,0.8666666666666667,0.23333333333333334
38,A,179,0.8833333333333333,0.35
39,Y,180,0.8833333333333333,0.4666666666666667
40,G,181,0.26666666666666666,0.2
41,D,198,1.0,0.5333333333333333
42,D,201,1.0,0.2833333333333333
43,N,202,1.0,0.36666666666666664
44,E,203,1.0,0.3333333333333333
45,E,204,1.0,0.2833333333333333
46,T,205,1.0,0.2833333333333333
47,L,206,1.0,0.2833333333333333
48,K,207,0.8,0.31666666666666665
49,Q,208,1.0,0.25
50,R,209,1.0,0.38333333333333336
51,L,210,1.0,0.38333333333333336
52,T,211,1.0,0.36666666666666664
53,N,212,1.0,0.3
54,L,213,1.0,0.3333333333333333
55,E,214,1.0,0.6333333333333333
56,K,215,1.0,0.31666666666666665
57,K,217,1.0,0.65
58,I,218,1.0,0.6666666666666666
59,T,219,1.0,0.26666666666666666
60,N,220,1.0,0.35
61,I,221,1.0,0.6
62,T,222,1.0,0.35
63,T,223,1.0,0.3333333333333333
64,K,224,1.0,0.31666666666666665
65,F,225,1.0,0.5
66,E,226,1.0,0.23333333333333334
67,Q,227,1.0,0.31666666666666665
68,I,228,1.0,0.55
69,E,249,1.0,0.31666666666666665
70,K,250,1.0,0.5333333333333333
71,C,251,1.0,0.6333333333333333
72,C,252,1.0,0.8166666666666667
73,K,253,1.0,0.48333333333333334
74,H,254,1.0,0.3
75,N,255,1.0,0.38333333333333336
76,D,256,1.0,0.31666666666666665
77,E,257,1.0,0.38333333333333336
78,V,258,1.0,0.31666666666666665
79,L,259,1.0,0.5666666666666667
80,F,260,1.0,0.26666666666666666
81,R,261,1.0,1.0
82,L,262,1.0,0.9
83,E,263,1.0,0.9833333333333333
84,N,264,1.0,0.5333333333333333
85,H,265,1.0,1.0
86,A,266,1.0,0.38333333333333336
87,E,267,1.0,0.9
88,T,268,1.0,0.8166666666666667
89,L,269,1.0,0.6666666666666666
90,R,270,1.0,0.9833333333333333
91,A,271,1.0,0.31666666666666665
92,A,272,1.0,0.55
93,M,273,1.0,0.6833333333333333
94,I,274,1.0,0.6166666666666667
95,S,275,1.0,0.21666666666666667
96,L,276,1.0,0.9666666666666667
97,A,277,1.0,0.4666666666666667
98,K,278,1.0,0.6666666666666666
99,K,279,1.0,1.0
100,I,280,1.0,0.9
101,D,281,1.0,1.0
102,V,282,1.0,0.6666666666666666
103,Q,283,1.0,1.0
104,T,284,1.0,1.0
105,G,285,1.0,0.8833333333333333
106,R,286,1.0,0.55
107,R,287,1.0,0.18333333333333332
108,P,288,0.95,0.3333333333333333
109,Y,292,0.9333333333333333,0.65
110,E,293,0.6166666666666667,0.25
