,A0A4D6DKN1,AAF17998.1,AAL73853.1,AAQ72922.1,AAR07473.1,ABD51467.1,ABD97717.1,ABI99110.1,ABI99281.1,ABQ43592.1,ADT91144.1,AEN03720.1,AIZ77355.1,AKJ93776.1,ANS71206.1,AOP31836.1,APG58335.1,ASF89976.1,ASK51325.1,AST09338.1,AST09540.1,AUI80687.1,AWU47162.1,AYC44792.1,AYN64713.1,CAG7621171.1,NP_570274.1,Q6TV84,Q6TVL6,Q83655,QDJ95055.1,QED21266.1,QEQ49703.1,QHG62676.1,QHR82657.1,QZW33596.1,T2DHX9,V9PXP5,WGO62741.1,WOC35488.1,WWS34253.1,WZD65066.1,WZD65198.1,WZD65323.1,WZD65710.1,WZD65840.1,WZD65968.1,WZD66097.1,XKH15810.1,XPQ45389.1,YAW79107.1,YBO75993.1,YBU52136.1,YBU52347.1,YCL82046.1,YP_003457410.1,P20535.1,P26654.1,YFT66960.1,YFT67316.1
A0A4D6DKN1,1.0,0.4326241134751773,0.30275229357798167,0.2564102564102564,0.49242424242424243,0.2714285714285714,0.28440366972477066,0.48507462686567165,0.4888888888888889,0.42857142857142855,0.4084507042253521,0.3333333333333333,0.23333333333333334,0.2608695652173913,0.22340425531914893,0.25,0.40559440559440557,0.2247191011235955,0.29906542056074764,0.3391304347826087,0.3391304347826087,0.48148148148148145,0.22115384615384615,0.48872180451127817,0.30275229357798167,0.29357798165137616,0.4755244755244755,0.24719101123595505,0.2777777777777778,0.4375,0.28440366972477066,0.29357798165137616,0.29357798165137616,0.22580645161290322,0.49230769230769234,0.3103448275862069,0.9594594594594594,0.28440366972477066,0.3333333333333333,0.2857142857142857,0.29357798165137616,0.26666666666666666,0.25274725274725274,0.23076923076923078,0.2159090909090909,0.2159090909090909,0.24719101123595505,0.2159090909090909,0.9391891891891891,0.28888888888888886,0.4236111111111111,0.4195804195804196,0.2777777777777778,0.972972972972973,0.9391891891891891,0.24175824175824176,0.30275229357798167,0.29213483146067415,0.29357798165137616,0.29357798165137616
AAF17998.1,0.4326241134751773,1.0,0.2803738317757009,0.2956521739130435,0.38686131386861317,0.2647058823529412,0.2616822429906542,0.4728682170542636,0.4846153846153846,0.38405797101449274,0.3559322033898305,0.30927835051546393,0.21348314606741572,0.25663716814159293,0.24731182795698925,0.2894736842105263,0.3630952380952381,0.26136363636363635,0.3047619047619048,0.30973451327433627,0.34513274336283184,0.49230769230769234,0.19607843137254902,0.5,0.27102803738317754,0.27102803738317754,0.5071428571428571,0.2413793103448276,0.2247191011235955,0.7885714285714286,0.3364485981308411,0.27102803738317754,0.27102803738317754,0.2826086956521739,0.4338235294117647,0.3176470588235294,0.4326241134751773,0.2803738317757009,0.30526315789473685,0.2222222222222222,0.27102803738317754,0.25842696629213485,0.24444444444444444,0.2222222222222222,0.21839080459770116,0.22988505747126436,0.21839080459770116,0.22988505747126436,0.4326241134751773,0.23595505617977527,0.8,0.8202247191011236,0.23595505617977527,0.4397163120567376,0.45390070921985815,0.25555555555555554,0.27102803738317754,0.23863636363636365,0.2616822429906542,0.2616822429906542
AAL73853.1,0.30275229357798167,0.2803738317757009,1.0,0.8363636363636363,0.2857142857142857,0.44285714285714284,0.9545454545454546,0.3090909090909091,0.3063063063063063,0.25892857142857145,0.308411214953271,0.5714285714285714,0.34523809523809523,0.8073394495412844,0.375,0.8090909090909091,0.3425925925925926,0.34146341463414637,0.5196078431372549,0.5727272727272728,0.6,0.2972972972972973,0.30612244897959184,0.2909090909090909,0.9636363636363636,0.9545454545454546,0.2743362831858407,0.30120481927710846,0.30952380952380953,0.2641509433962264,0.46078431372549017,0.8909090909090909,0.9545454545454546,0.36904761904761907,0.27358490566037735,0.43037974683544306,0.30275229357798167,0.9636363636363636,0.35714285714285715,0.3411764705882353,0.9727272727272728,0.3333333333333333,0.3176470588235294,0.29411764705882354,0.2926829268292683,0.2926829268292683,0.2891566265060241,0.2926829268292683,0.3,0.30952380952380953,0.2641509433962264,0.25892857142857145,0.32142857142857145,0.3119266055045872,0.3119266055045872,0.3058823529411765,0.9636363636363636,0.3132530120481928,0.9363636363636364,0.9363636363636364
AAQ72922.1,0.2564102564102564,0.2956521739130435,0.8363636363636363,1.0,0.26495726495726496,0.4142857142857143,0.8363636363636363,0.3103448275862069,0.3076923076923077,0.26495726495726496,0.3217391304347826,0.5353535353535354,0.32222222222222224,0.8235294117647058,0.3469387755102041,0.8712121212121212,0.3448275862068966,0.34831460674157305,0.47619047619047616,0.5826086956521739,0.6086956521739131,0.29914529914529914,0.2962962962962963,0.28448275862068967,0.8454545454545455,0.8545454545454545,0.2905982905982906,0.30337078651685395,0.3111111111111111,0.2807017543859649,0.44339622641509435,0.8181818181818182,0.8454545454545455,0.34065934065934067,0.2807017543859649,0.4117647058823529,0.2564102564102564,0.8363636363636363,0.3076923076923077,0.3225806451612903,0.8454545454545455,0.34444444444444444,0.32967032967032966,0.3076923076923077,0.3068181818181818,0.3068181818181818,0.3146067415730337,0.3181818181818182,0.2564102564102564,0.32222222222222224,0.2807017543859649,0.28205128205128205,0.3333333333333333,0.26495726495726496,0.27350427350427353,0.3076923076923077,0.8363636363636363,0.3146067415730337,0.8272727272727273,0.8181818181818182
AAR07473.1,0.49242424242424243,0.38686131386861317,0.2857142857142857,0.26495726495726496,1.0,0.3,0.28440366972477066,0.4015748031496063,0.3984375,0.7602739726027398,0.4028776978417266,0.28431372549019607,0.25555555555555554,0.2608695652173913,0.2553191489361702,0.25862068965517243,0.4253731343283582,0.24719101123595505,0.2767857142857143,0.2905982905982906,0.2905982905982906,0.3984375,0.25,0.40476190476190477,0.29357798165137616,0.29357798165137616,0.39849624060150374,0.2247191011235955,0.26666666666666666,0.417910447761194,0.2894736842105263,0.27522935779816515,0.29357798165137616,0.24731182795698925,0.46923076923076923,0.3409090909090909,0.4772727272727273,0.28440366972477066,0.3541666666666667,0.27956989247311825,0.30275229357798167,0.25555555555555554,0.25274725274725274,0.23076923076923078,0.19318181818181818,0.19318181818181818,0.20224719101123595,0.19318181818181818,0.47368421052631576,0.2777777777777778,0.417910447761194,0.410958904109589,0.26666666666666666,0.49242424242424243,0.48484848484848486,0.24175824175824176,0.29357798165137616,0.2808988764044944,0.28440366972477066,0.28440366972477066
ABD51467.1,0.2714285714285714,0.2647058823529412,0.44285714285714284,0.4142857142857143,0.3,1.0,0.44285714285714284,0.34285714285714286,0.32857142857142857,0.30985915492957744,0.3333333333333333,0.38571428571428573,0.35294117647058826,0.4,0.34782608695652173,0.4142857142857143,0.36231884057971014,0.36764705882352944,0.37142857142857144,0.37142857142857144,0.38571428571428573,0.34285714285714286,0.38571428571428573,0.34285714285714286,0.44285714285714284,0.45714285714285713,0.3142857142857143,0.3333333333333333,0.38235294117647056,0.2835820895522388,0.42857142857142855,0.42857142857142855,0.44285714285714284,0.2777777777777778,0.29850746268656714,0.352112676056338,0.2714285714285714,0.44285714285714284,0.2463768115942029,0.34782608695652173,0.4714285714285714,0.38235294117647056,0.391304347826087,0.391304347826087,0.3382352941176471,0.3382352941176471,0.3188405797101449,0.3382352941176471,0.2714285714285714,0.35294117647058826,0.2835820895522388,0.2714285714285714,0.36764705882352944,0.2714285714285714,0.2714285714285714,0.391304347826087,0.45714285714285713,0.35294117647058826,0.44285714285714284,0.4714285714285714
ABD97717.1,0.28440366972477066,0.2616822429906542,0.9545454545454546,0.8363636363636363,0.28440366972477066,0.44285714285714284,1.0,0.28703703703703703,0.28440366972477066,0.26605504587155965,0.29906542056074764,0.5789473684210527,0.34523809523809523,0.8165137614678899,0.375,0.8181818181818182,0.32407407407407407,0.34146341463414637,0.52,0.5740740740740741,0.5925925925925926,0.27522935779816515,0.30612244897959184,0.26851851851851855,0.9545454545454546,0.9454545454545454,0.26605504587155965,0.30120481927710846,0.30952380952380953,0.24528301886792453,0.46,0.8727272727272727,0.9454545454545454,0.36904761904761907,0.2641509433962264,0.4358974358974359,0.28440366972477066,0.9454545454545454,0.35714285714285715,0.3411764705882353,0.9636363636363636,0.3333333333333333,0.3176470588235294,0.29411764705882354,0.2926829268292683,0.2926829268292683,0.2891566265060241,0.2926829268292683,0.28440366972477066,0.30952380952380953,0.24528301886792453,0.24770642201834864,0.32142857142857145,0.29357798165137616,0.29357798165137616,0.3058823529411765,0.9545454545454546,0.3132530120481928,0.9454545454545454,0.9272727272727272
ABI99110.1,0.48507462686567165,0.4728682170542636,0.3090909090909091,0.3103448275862069,0.4015748031496063,0.34285714285714286,0.28703703703703703,1.0,0.9558823529411765,0.4251968503937008,0.4580152671755725,0.33,0.2696629213483146,0.2719298245614035,0.22580645161290322,0.2956521739130435,0.4732824427480916,0.29545454545454547,0.29906542056074764,0.3130434782608696,0.3652173913043478,0.9705882352941176,0.21359223300970873,0.9407407407407408,0.2962962962962963,0.2962962962962963,0.5746268656716418,0.2727272727272727,0.30337078651685395,0.48091603053435117,0.2777777777777778,0.2962962962962963,0.2962962962962963,0.28888888888888886,0.4645669291338583,0.3522727272727273,0.48507462686567165,0.2962962962962963,0.32222222222222224,0.2777777777777778,0.2962962962962963,0.2696629213483146,0.25555555555555554,0.25555555555555554,0.27586206896551724,0.26436781609195403,0.2840909090909091,0.26436781609195403,0.48148148148148145,0.29213483146067415,0.48091603053435117,0.47368421052631576,0.30337078651685395,0.4925373134328358,0.4925373134328358,0.2777777777777778,0.3055555555555556,0.2727272727272727,0.28703703703703703,0.28703703703703703
ABI99281.1,0.4888888888888889,0.4846153846153846,0.3063063063063063,0.3076923076923077,0.3984375,0.32857142857142857,0.28440366972477066,0.9558823529411765,1.0,0.4296875,0.4696969696969697,0.32673267326732675,0.2777777777777778,0.26956521739130435,0.22340425531914893,0.29310344827586204,0.48484848484848486,0.30337078651685395,0.2962962962962963,0.3103448275862069,0.3620689655172414,0.9708029197080292,0.22115384615384615,0.9555555555555556,0.29357798165137616,0.29357798165137616,0.5925925925925926,0.2808988764044944,0.3111111111111111,0.49242424242424243,0.27522935779816515,0.29357798165137616,0.29357798165137616,0.2857142857142857,0.4921875,0.3522727272727273,0.4888888888888889,0.29357798165137616,0.31868131868131866,0.2857142857142857,0.29357798165137616,0.28888888888888886,0.26373626373626374,0.26373626373626374,0.2840909090909091,0.2727272727272727,0.29213483146067415,0.2727272727272727,0.4852941176470588,0.3,0.49242424242424243,0.48507462686567165,0.3111111111111111,0.4962962962962963,0.5037037037037037,0.2857142857142857,0.30275229357798167,0.2808988764044944,0.28440366972477066,0.28440366972477066
ABQ43592.1,0.42857142857142855,0.38405797101449274,0.25892857142857145,0.26495726495726496,0.7602739726027398,0.30985915492957744,0.26605504587155965,0.4251968503937008,0.4296875,1.0,0.38571428571428573,0.29411764705882354,0.24444444444444444,0.2608695652173913,0.22340425531914893,0.2413793103448276,0.4,0.24719101123595505,0.29357798165137616,0.2564102564102564,0.28205128205128205,0.4296875,0.21153846153846154,0.4365079365079365,0.27522935779816515,0.27522935779816515,0.39849624060150374,0.2247191011235955,0.26666666666666666,0.4074074074074074,0.2972972972972973,0.24770642201834864,0.27522935779816515,0.2553191489361702,0.46153846153846156,0.3258426966292135,0.42105263157894735,0.26605504587155965,0.34375,0.26373626373626374,0.28440366972477066,0.25555555555555554,0.25274725274725274,0.23076923076923078,0.20454545454545456,0.20454545454545456,0.20224719101123595,0.20454545454545456,0.43283582089552236,0.2777777777777778,0.4148148148148148,0.42857142857142855,0.26666666666666666,0.42857142857142855,0.42857142857142855,0.25274725274725274,0.27522935779816515,0.2808988764044944,0.26605504587155965,0.26605504587155965
ADT91144.1,0.4084507042253521,0.3559322033898305,0.308411214953271,0.3217391304347826,0.4028776978417266,0.3333333333333333,0.29906542056074764,0.4580152671755725,0.4696969696969697,0.38571428571428573,1.0,0.3711340206185567,0.21348314606741572,0.2920353982300885,0.26881720430107525,0.30701754385964913,0.7422222222222222,0.26136363636363635,0.2761904761904762,0.3274336283185841,0.336283185840708,0.4621212121212121,0.22549019607843138,0.46153846153846156,0.308411214953271,0.308411214953271,0.4154929577464789,0.25287356321839083,0.25842696629213485,0.36363636363636365,0.29906542056074764,0.2803738317757009,0.308411214953271,0.2608695652173913,0.5073529411764706,0.313953488372093,0.4154929577464789,0.308411214953271,0.28421052631578947,0.25555555555555554,0.308411214953271,0.2696629213483146,0.24444444444444444,0.2222222222222222,0.2413793103448276,0.22988505747126436,0.2413793103448276,0.22988505747126436,0.4295774647887324,0.24719101123595505,0.36363636363636365,0.3701657458563536,0.25842696629213485,0.4154929577464789,0.4154929577464789,0.24444444444444444,0.3177570093457944,0.25,0.29906542056074764,0.29906542056074764
AEN03720.1,0.3333333333333333,0.30927835051546393,0.5714285714285714,0.5353535353535354,0.28431372549019607,0.38571428571428573,0.5789473684210527,0.33,0.32673267326732675,0.29411764705882354,0.3711340206185567,1.0,0.3411764705882353,0.5656565656565656,0.32954545454545453,0.5555555555555556,0.35714285714285715,0.39759036144578314,0.4158415841584158,0.6435643564356436,0.6336633663366337,0.31683168316831684,0.34065934065934067,0.31,0.5789473684210527,0.5789473684210527,0.3069306930693069,0.2976190476190476,0.3176470588235294,0.2916666666666667,0.40594059405940597,0.5578947368421052,0.5789473684210527,0.36363636363636365,0.3125,0.3614457831325301,0.3333333333333333,0.5789473684210527,0.36363636363636365,0.32558139534883723,0.5684210526315789,0.3058823529411765,0.3023255813953488,0.3023255813953488,0.3253012048192771,0.3253012048192771,0.32142857142857145,0.3253012048192771,0.33,0.32941176470588235,0.2916666666666667,0.29411764705882354,0.32941176470588235,0.3333333333333333,0.32323232323232326,0.32558139534883723,0.5789473684210527,0.29411764705882354,0.5894736842105263,0.5894736842105263
AIZ77355.1,0.23333333333333334,0.21348314606741572,0.34523809523809523,0.32222222222222224,0.25555555555555554,0.35294117647058826,0.34523809523809523,0.2696629213483146,0.2777777777777778,0.24444444444444444,0.21348314606741572,0.3411764705882353,1.0,0.32222222222222224,0.36363636363636365,0.32222222222222224,0.2222222222222222,0.7045454545454546,0.3023255813953488,0.3333333333333333,0.32222222222222224,0.2777777777777778,0.32954545454545453,0.2696629213483146,0.34523809523809523,0.34523809523809523,0.24444444444444444,0.6136363636363636,0.6222222222222222,0.22727272727272727,0.3023255813953488,0.34523809523809523,0.34523809523809523,0.2235294117647059,0.26136363636363635,0.3375,0.24444444444444444,0.32142857142857145,0.2235294117647059,0.5777777777777777,0.3333333333333333,0.6111111111111112,0.5888888888888889,0.6111111111111112,0.6477272727272727,0.6477272727272727,0.625,0.6477272727272727,0.24444444444444444,0.6333333333333333,0.22727272727272727,0.23333333333333334,0.6555555555555556,0.23333333333333334,0.2222222222222222,0.6,0.34523809523809523,0.6404494382022472,0.3333333333333333,0.3333333333333333
AKJ93776.1,0.2608695652173913,0.25663716814159293,0.8073394495412844,0.8235294117647058,0.2608695652173913,0.4,0.8165137614678899,0.2719298245614035,0.26956521739130435,0.2608695652173913,0.2920353982300885,0.5656565656565656,0.32222222222222224,1.0,0.34375,0.8319327731092437,0.30701754385964913,0.34831460674157305,0.47619047619047616,0.591304347826087,0.5739130434782609,0.2608695652173913,0.29245283018867924,0.2543859649122807,0.8165137614678899,0.8165137614678899,0.25217391304347825,0.29213483146067415,0.3111111111111111,0.24107142857142858,0.44339622641509435,0.8256880733944955,0.8165137614678899,0.34065934065934067,0.25892857142857145,0.38823529411764707,0.2608695652173913,0.7981651376146789,0.32967032967032966,0.31868131868131866,0.8165137614678899,0.3111111111111111,0.2967032967032967,0.3076923076923077,0.3068181818181818,0.3068181818181818,0.29213483146067415,0.29545454545454547,0.2608695652173913,0.3111111111111111,0.24107142857142858,0.23478260869565218,0.32222222222222224,0.26956521739130435,0.26956521739130435,0.31868131868131866,0.8165137614678899,0.29213483146067415,0.7981651376146789,0.7889908256880734
ANS71206.1,0.22340425531914893,0.24731182795698925,0.375,0.3469387755102041,0.2553191489361702,0.34782608695652173,0.375,0.22580645161290322,0.22340425531914893,0.22340425531914893,0.26881720430107525,0.32954545454545453,0.36363636363636365,0.34375,1.0,0.375,0.2765957446808511,0.3333333333333333,0.33707865168539325,0.2765957446808511,0.2872340425531915,0.22340425531914893,0.5816326530612245,0.22580645161290322,0.36363636363636365,0.375,0.2553191489361702,0.32558139534883723,0.3409090909090909,0.25,0.35555555555555557,0.36363636363636365,0.375,0.26436781609195403,0.20652173913043478,0.275,0.22340425531914893,0.36363636363636365,0.22988505747126436,0.4044943820224719,0.36363636363636365,0.3181818181818182,0.3146067415730337,0.3146067415730337,0.313953488372093,0.3023255813953488,0.3023255813953488,0.3023255813953488,0.22340425531914893,0.3409090909090909,0.25,0.26595744680851063,0.3522727272727273,0.22340425531914893,0.22340425531914893,0.3146067415730337,0.375,0.3563218390804598,0.36363636363636365,0.36363636363636365
AOP31836.1,0.25,0.2894736842105263,0.8090909090909091,0.8712121212121212,0.25862068965517243,0.4142857142857143,0.8181818181818182,0.2956521739130435,0.29310344827586204,0.2413793103448276,0.30701754385964913,0.5555555555555556,0.32222222222222224,0.8319327731092437,0.375,1.0,0.3391304347826087,0.33707865168539325,0.5047619047619047,0.5565217391304348,0.5739130434782609,0.28448275862068967,0.330188679245283,0.2782608695652174,0.8181818181818182,0.8181818181818182,0.27586206896551724,0.3146067415730337,0.3111111111111111,0.2743362831858407,0.4716981132075472,0.8,0.8090909090909091,0.3516483516483517,0.2743362831858407,0.4,0.25,0.8090909090909091,0.31868131868131866,0.3225806451612903,0.8181818181818182,0.3333333333333333,0.31868131868131866,0.31868131868131866,0.3068181818181818,0.3068181818181818,0.29213483146067415,0.29545454545454547,0.25,0.32222222222222224,0.2743362831858407,0.27586206896551724,0.32222222222222224,0.25862068965517243,0.2672413793103448,0.31868131868131866,0.8090909090909091,0.3146067415730337,0.8,0.7909090909090909
APG58335.1,0.40559440559440557,0.3630952380952381,0.3425925925925926,0.3448275862068966,0.4253731343283582,0.36231884057971014,0.32407407407407407,0.4732824427480916,0.48484848484848486,0.4,0.7422222222222222,0.35714285714285715,0.2222222222222222,0.30701754385964913,0.2765957446808511,0.3391304347826087,1.0,0.24719101123595505,0.27102803738317754,0.3333333333333333,0.3508771929824561,0.4696969696969697,0.23300970873786409,0.46564885496183206,0.3333333333333333,0.3333333333333333,0.43661971830985913,0.2727272727272727,0.2777777777777778,0.3563218390804598,0.29357798165137616,0.3148148148148148,0.3333333333333333,0.26881720430107525,0.5522388059701493,0.3181818181818182,0.3986013986013986,0.3333333333333333,0.2708333333333333,0.26373626373626374,0.3333333333333333,0.28888888888888886,0.26373626373626374,0.24175824175824176,0.26136363636363635,0.25,0.26136363636363635,0.25,0.4125874125874126,0.26666666666666666,0.3563218390804598,0.37572254335260113,0.2777777777777778,0.4125874125874126,0.4195804195804196,0.26373626373626374,0.3425925925925926,0.2696629213483146,0.32407407407407407,0.32407407407407407
ASF89976.1,0.2247191011235955,0.26136363636363635,0.34146341463414637,0.34831460674157305,0.24719101123595505,0.36764705882352944,0.34146341463414637,0.29545454545454547,0.30337078651685395,0.24719101123595505,0.26136363636363635,0.39759036144578314,0.7045454545454546,0.34831460674157305,0.3333333333333333,0.33707865168539325,0.24719101123595505,1.0,0.34523809523809523,0.3707865168539326,0.3595505617977528,0.30337078651685395,0.3333333333333333,0.2840909090909091,0.34146341463414637,0.34146341463414637,0.24719101123595505,0.627906976744186,0.6136363636363636,0.25287356321839083,0.3411764705882353,0.34146341463414637,0.34146341463414637,0.2619047619047619,0.2988505747126437,0.3037974683544304,0.23595505617977527,0.34146341463414637,0.2619047619047619,0.5340909090909091,0.32926829268292684,0.5909090909090909,0.625,0.6363636363636364,0.6627906976744186,0.6744186046511628,0.6395348837209303,0.6744186046511628,0.23595505617977527,0.625,0.25287356321839083,0.24719101123595505,0.625,0.2247191011235955,0.2247191011235955,0.6363636363636364,0.34146341463414637,0.6206896551724138,0.34146341463414637,0.34146341463414637
ASK51325.1,0.29906542056074764,0.3047619047619048,0.5196078431372549,0.47619047619047616,0.2767857142857143,0.37142857142857144,0.52,0.29906542056074764,0.2962962962962963,0.29357798165137616,0.2761904761904762,0.4158415841584158,0.3023255813953488,0.47619047619047616,0.33707865168539325,0.5047619047619047,0.27102803738317754,0.34523809523809523,1.0,0.3925233644859813,0.4392523364485981,0.28703703703703703,0.29896907216494845,0.2803738317757009,0.52,0.52,0.25925925925925924,0.29411764705882354,0.29069767441860467,0.2692307692307692,0.7543859649122807,0.49,0.54,0.3707865168539326,0.30097087378640774,0.4318181818181818,0.29906542056074764,0.53,0.3258426966292135,0.29213483146067415,0.52,0.3023255813953488,0.28735632183908044,0.27586206896551724,0.27380952380952384,0.27380952380952384,0.25882352941176473,0.27380952380952384,0.3055555555555556,0.3023255813953488,0.2692307692307692,0.29357798165137616,0.313953488372093,0.29906542056074764,0.308411214953271,0.3103448275862069,0.53,0.3023255813953488,0.5,0.5
AST09338.1,0.3391304347826087,0.30973451327433627,0.5727272727272728,0.5826086956521739,0.2905982905982906,0.37142857142857144,0.5740740740740741,0.3130434782608696,0.3103448275862069,0.2564102564102564,0.3274336283185841,0.6435643564356436,0.3333333333333333,0.591304347826087,0.2765957446808511,0.5565217391304348,0.3333333333333333,0.3707865168539326,0.3925233644859813,1.0,0.8461538461538461,0.3017241379310345,0.2692307692307692,0.30434782608695654,0.5833333333333334,0.5833333333333334,0.28448275862068967,0.29213483146067415,0.3111111111111111,0.29464285714285715,0.4166666666666667,0.6296296296296297,0.5833333333333334,0.34065934065934067,0.26785714285714285,0.37209302325581395,0.3391304347826087,0.5740740740740741,0.3516483516483517,0.31868131868131866,0.5740740740740741,0.3111111111111111,0.3076923076923077,0.2967032967032967,0.3068181818181818,0.3068181818181818,0.30337078651685395,0.3068181818181818,0.33620689655172414,0.32222222222222224,0.29464285714285715,0.3076923076923077,0.32222222222222224,0.34782608695652173,0.3391304347826087,0.31868131868131866,0.5925925925925926,0.29213483146067415,0.5833333333333334,0.5833333333333334
AST09540.1,0.3391304347826087,0.34513274336283184,0.6,0.6086956521739131,0.2905982905982906,0.38571428571428573,0.5925925925925926,0.3652173913043478,0.3620689655172414,0.28205128205128205,0.336283185840708,0.6336633663366337,0.32222222222222224,0.5739130434782609,0.2872340425531915,0.5739130434782609,0.3508771929824561,0.3595505617977528,0.4392523364485981,0.8461538461538461,1.0,0.35344827586206895,0.2692307692307692,0.3565217391304348,0.6111111111111112,0.6018518518518519,0.3275862068965517,0.29213483146067415,0.3111111111111111,0.33035714285714285,0.4537037037037037,0.6296296296296297,0.6111111111111112,0.34065934065934067,0.2857142857142857,0.38372093023255816,0.3391304347826087,0.6018518518518519,0.34065934065934067,0.32967032967032966,0.6018518518518519,0.3,0.2967032967032967,0.2967032967032967,0.3068181818181818,0.3068181818181818,0.30337078651685395,0.3068181818181818,0.33620689655172414,0.32222222222222224,0.33035714285714285,0.3333333333333333,0.3111111111111111,0.34782608695652173,0.3565217391304348,0.31868131868131866,0.6203703703703703,0.29213483146067415,0.6018518518518519,0.6018518518518519
AUI80687.1,0.48148148148148145,0.49230769230769234,0.2972972972972973,0.29914529914529914,0.3984375,0.34285714285714286,0.27522935779816515,0.9705882352941176,0.9708029197080292,0.4296875,0.4621212121212121,0.31683168316831684,0.2777777777777778,0.2608695652173913,0.22340425531914893,0.28448275862068967,0.4696969696969697,0.30337078651685395,0.28703703703703703,0.3017241379310345,0.35344827586206895,1.0,0.21153846153846154,0.9703703703703703,0.28440366972477066,0.28440366972477066,0.5925925925925926,0.2808988764044944,0.3111111111111111,0.5,0.26605504587155965,0.28440366972477066,0.28440366972477066,0.27472527472527475,0.4921875,0.3522727272727273,0.48148148148148145,0.28440366972477066,0.3076923076923077,0.2857142857142857,0.28440366972477066,0.28888888888888886,0.26373626373626374,0.26373626373626374,0.2840909090909091,0.2727272727272727,0.29213483146067415,0.2727272727272727,0.47794117647058826,0.3,0.5,0.4925373134328358,0.3111111111111111,0.4888888888888889,0.4888888888888889,0.2857142857142857,0.29357798165137616,0.2808988764044944,0.27522935779816515,0.27522935779816515
AWU47162.1,0.22115384615384615,0.19607843137254902,0.30612244897959184,0.2962962962962963,0.25,0.38571428571428573,0.30612244897959184,0.21359223300970873,0.22115384615384615,0.21153846153846154,0.22549019607843138,0.34065934065934067,0.32954545454545453,0.29245283018867924,0.5816326530612245,0.330188679245283,0.23300970873786409,0.3333333333333333,0.29896907216494845,0.2692307692307692,0.2692307692307692,0.21153846153846154,1.0,0.21359223300970873,0.3163265306122449,0.30612244897959184,0.2403846153846154,0.367816091954023,0.36363636363636365,0.19801980198019803,0.2857142857142857,0.336734693877551,0.3163265306122449,0.27586206896551724,0.2079207920792079,0.3333333333333333,0.22115384615384615,0.30612244897959184,0.2413793103448276,0.3707865168539326,0.3163265306122449,0.3409090909090909,0.33707865168539325,0.3258426966292135,0.3372093023255814,0.3372093023255814,0.3333333333333333,0.3372093023255814,0.21153846153846154,0.3522727272727273,0.19801980198019803,0.21153846153846154,0.32954545454545453,0.21153846153846154,0.22115384615384615,0.33707865168539325,0.30612244897959184,0.3448275862068966,0.3163265306122449,0.3163265306122449
AYC44792.1,0.48872180451127817,0.5,0.2909090909090909,0.28448275862068967,0.40476190476190477,0.34285714285714286,0.26851851851851855,0.9407407407407408,0.9555555555555556,0.4365079365079365,0.46153846153846156,0.31,0.2696629213483146,0.2543859649122807,0.22580645161290322,0.2782608695652174,0.46564885496183206,0.2840909090909091,0.2803738317757009,0.30434782608695654,0.3565217391304348,0.9703703703703703,0.21359223300970873,1.0,0.2777777777777778,0.2777777777777778,0.582089552238806,0.2727272727272727,0.30337078651685395,0.5076923076923077,0.26851851851851855,0.2777777777777778,0.2777777777777778,0.2777777777777778,0.48412698412698413,0.3409090909090909,0.48872180451127817,0.2777777777777778,0.3111111111111111,0.2777777777777778,0.2777777777777778,0.2808988764044944,0.25555555555555554,0.25555555555555554,0.26436781609195403,0.25287356321839083,0.2727272727272727,0.25287356321839083,0.48507462686567165,0.29213483146067415,0.5076923076923077,0.5,0.30337078651685395,0.49624060150375937,0.49624060150375937,0.2777777777777778,0.28703703703703703,0.2727272727272727,0.26851851851851855,0.26851851851851855
AYN64713.1,0.30275229357798167,0.27102803738317754,0.9636363636363636,0.8454545454545455,0.29357798165137616,0.44285714285714284,0.9545454545454546,0.2962962962962963,0.29357798165137616,0.27522935779816515,0.308411214953271,0.5789473684210527,0.34523809523809523,0.8165137614678899,0.36363636363636365,0.8181818181818182,0.3333333333333333,0.34146341463414637,0.52,0.5833333333333334,0.6111111111111112,0.28440366972477066,0.3163265306122449,0.2777777777777778,1.0,0.9545454545454546,0.27522935779816515,0.30120481927710846,0.30952380952380953,0.25471698113207547,0.46,0.8727272727272727,0.9545454545454546,0.36904761904761907,0.27358490566037735,0.4358974358974359,0.30275229357798167,0.9545454545454546,0.35714285714285715,0.3411764705882353,0.9727272727272728,0.3333333333333333,0.3176470588235294,0.29411764705882354,0.2926829268292683,0.2926829268292683,0.2891566265060241,0.2926829268292683,0.30275229357798167,0.30952380952380953,0.25471698113207547,0.25688073394495414,0.32142857142857145,0.3119266055045872,0.3119266055045872,0.3058823529411765,0.9636363636363636,0.3132530120481928,0.9363636363636364,0.9363636363636364
CAG7621171.1,0.29357798165137616,0.27102803738317754,0.9545454545454546,0.8545454545454545,0.29357798165137616,0.45714285714285713,0.9454545454545454,0.2962962962962963,0.29357798165137616,0.27522935779816515,0.308411214953271,0.5789473684210527,0.34523809523809523,0.8165137614678899,0.375,0.8181818181818182,0.3333333333333333,0.34146341463414637,0.52,0.5833333333333334,0.6018518518518519,0.28440366972477066,0.30612244897959184,0.2777777777777778,0.9545454545454546,1.0,0.27522935779816515,0.30120481927710846,0.30952380952380953,0.25471698113207547,0.46,0.8727272727272727,0.9454545454545454,0.36904761904761907,0.2830188679245283,0.4358974358974359,0.29357798165137616,0.9454545454545454,0.35714285714285715,0.3411764705882353,0.9636363636363636,0.3333333333333333,0.3176470588235294,0.29411764705882354,0.2926829268292683,0.2926829268292683,0.2891566265060241,0.2926829268292683,0.29357798165137616,0.30952380952380953,0.25471698113207547,0.25688073394495414,0.32142857142857145,0.30275229357798167,0.30275229357798167,0.3058823529411765,0.9545454545454546,0.3132530120481928,0.9363636363636364,0.9363636363636364
NP_570274.1,0.4755244755244755,0.5071428571428571,0.2743362831858407,0.2905982905982906,0.39849624060150374,0.3142857142857143,0.26605504587155965,0.5746268656716418,0.5925925925925926,0.39849624060150374,0.4154929577464789,0.3069306930693069,0.24444444444444444,0.25217391304347825,0.2553191489361702,0.27586206896551724,0.43661971830985913,0.24719101123595505,0.25925925925925924,0.28448275862068967,0.3275862068965517,0.5925925925925926,0.2403846153846154,0.582089552238806,0.27522935779816515,0.27522935779816515,1.0,0.2247191011235955,0.26666666666666666,0.48226950354609927,0.2636363636363636,0.28440366972477066,0.27522935779816515,0.24731182795698925,0.484375,0.25,0.46853146853146854,0.27522935779816515,0.3125,0.26373626373626374,0.27522935779816515,0.23333333333333334,0.21978021978021978,0.21978021978021978,0.23863636363636365,0.23863636363636365,0.23595505617977527,0.23863636363636365,0.4652777777777778,0.25555555555555554,0.48226950354609927,0.4722222222222222,0.26666666666666666,0.4825174825174825,0.4825174825174825,0.24175824175824176,0.27522935779816515,0.23595505617977527,0.26605504587155965,0.26605504587155965
Q6TV84,0.24719101123595505,0.2413793103448276,0.30120481927710846,0.30337078651685395,0.2247191011235955,0.3333333333333333,0.30120481927710846,0.2727272727272727,0.2808988764044944,0.2247191011235955,0.25287356321839083,0.2976190476190476,0.6136363636363636,0.29213483146067415,0.32558139534883723,0.3146067415730337,0.2727272727272727,0.627906976744186,0.29411764705882354,0.29213483146067415,0.29213483146067415,0.2808988764044944,0.367816091954023,0.2727272727272727,0.30120481927710846,0.30120481927710846,0.2247191011235955,1.0,0.7613636363636364,0.23255813953488372,0.3176470588235294,0.2891566265060241,0.30120481927710846,0.25301204819277107,0.2558139534883721,0.3333333333333333,0.25842696629213485,0.30120481927710846,0.21686746987951808,0.5227272727272727,0.30120481927710846,0.7272727272727273,0.7045454545454546,0.7045454545454546,0.9090909090909091,0.8863636363636364,0.8764044943820225,0.8863636363636364,0.24719101123595505,0.7727272727272727,0.23255813953488372,0.23595505617977527,0.7386363636363636,0.24719101123595505,0.23595505617977527,0.7386363636363636,0.30120481927710846,0.8045977011494253,0.30120481927710846,0.30120481927710846
Q6TVL6,0.2777777777777778,0.2247191011235955,0.30952380952380953,0.3111111111111111,0.26666666666666666,0.38235294117647056,0.30952380952380953,0.30337078651685395,0.3111111111111111,0.26666666666666666,0.25842696629213485,0.3176470588235294,0.6222222222222222,0.3111111111111111,0.3409090909090909,0.3111111111111111,0.2777777777777778,0.6136363636363636,0.29069767441860467,0.3111111111111111,0.3111111111111111,0.3111111111111111,0.36363636363636365,0.30337078651685395,0.30952380952380953,0.30952380952380953,0.26666666666666666,0.7613636363636364,1.0,0.22727272727272727,0.3372093023255814,0.32142857142857145,0.30952380952380953,0.24705882352941178,0.26136363636363635,0.3125,0.28888888888888886,0.2976190476190476,0.25882352941176473,0.5777777777777777,0.30952380952380953,0.7555555555555555,0.7,0.7222222222222222,0.7386363636363636,0.7272727272727273,0.7386363636363636,0.7272727272727273,0.2777777777777778,0.9222222222222223,0.22727272727272727,0.23333333333333334,0.8111111111111111,0.2777777777777778,0.2777777777777778,0.7333333333333333,0.30952380952380953,0.9438202247191011,0.2976190476190476,0.2976190476190476
Q83655,0.4375,0.7885714285714286,0.2641509433962264,0.2807017543859649,0.417910447761194,0.2835820895522388,0.24528301886792453,0.48091603053435117,0.49242424242424243,0.4074074074074074,0.36363636363636365,0.2916666666666667,0.22727272727272727,0.24107142857142858,0.25,0.2743362831858407,0.3563218390804598,0.25287356321839083,0.2692307692307692,0.29464285714285715,0.33035714285714285,0.5,0.19801980198019803,0.5076923076923077,0.25471698113207547,0.25471698113207547,0.48226950354609927,0.23255813953488372,0.22727272727272727,1.0,0.2830188679245283,0.2641509433962264,0.25471698113207547,0.2857142857142857,0.4253731343283582,0.2976190476190476,0.4375,0.2641509433962264,0.2872340425531915,0.23595505617977527,0.25471698113207547,0.25,0.23595505617977527,0.21348314606741572,0.20930232558139536,0.20930232558139536,0.20930232558139536,0.20930232558139536,0.4444444444444444,0.23863636363636365,0.9787234042553191,0.8268156424581006,0.23863636363636365,0.4375,0.4583333333333333,0.24719101123595505,0.25471698113207547,0.2413793103448276,0.24528301886792453,0.2358490566037736
QDJ95055.1,0.28440366972477066,0.3364485981308411,0.46078431372549017,0.44339622641509435,0.2894736842105263,0.42857142857142855,0.46,0.2777777777777778,0.27522935779816515,0.2972972972972973,0.29906542056074764,0.40594059405940597,0.3023255813953488,0.44339622641509435,0.35555555555555557,0.4716981132075472,0.29357798165137616,0.3411764705882353,0.7543859649122807,0.4166666666666667,0.4537037037037037,0.26605504587155965,0.2857142857142857,0.26851851851851855,0.46,0.46,0.2636363636363636,0.3176470588235294,0.3372093023255814,0.2830188679245283,1.0,0.45,0.47,0.32967032967032966,0.2857142857142857,0.39325842696629215,0.28440366972477066,0.47,0.2967032967032967,0.29213483146067415,0.46,0.32558139534883723,0.3218390804597701,0.2988505747126437,0.2976190476190476,0.2976190476190476,0.2823529411764706,0.2976190476190476,0.2909090909090909,0.3372093023255814,0.2830188679245283,0.3063063063063063,0.3372093023255814,0.28440366972477066,0.29357798165137616,0.3333333333333333,0.47,0.32558139534883723,0.45,0.47
QED21266.1,0.29357798165137616,0.27102803738317754,0.8909090909090909,0.8181818181818182,0.27522935779816515,0.42857142857142855,0.8727272727272727,0.2962962962962963,0.29357798165137616,0.24770642201834864,0.2803738317757009,0.5578947368421052,0.34523809523809523,0.8256880733944955,0.36363636363636365,0.8,0.3148148148148148,0.34146341463414637,0.49,0.6296296296296297,0.6296296296296297,0.28440366972477066,0.336734693877551,0.2777777777777778,0.8727272727272727,0.8727272727272727,0.28440366972477066,0.2891566265060241,0.32142857142857145,0.2641509433962264,0.45,1.0,0.8636363636363636,0.35714285714285715,0.24528301886792453,0.4230769230769231,0.29357798165137616,0.8636363636363636,0.35714285714285715,0.32941176470588235,0.8818181818181818,0.32142857142857145,0.3058823529411765,0.3058823529411765,0.3048780487804878,0.3048780487804878,0.30120481927710846,0.3048780487804878,0.29357798165137616,0.32142857142857145,0.2641509433962264,0.25688073394495414,0.3333333333333333,0.30275229357798167,0.30275229357798167,0.3176470588235294,0.8727272727272727,0.30120481927710846,0.8636363636363636,0.8545454545454545
QEQ49703.1,0.29357798165137616,0.27102803738317754,0.9545454545454546,0.8454545454545455,0.29357798165137616,0.44285714285714284,0.9454545454545454,0.2962962962962963,0.29357798165137616,0.27522935779816515,0.308411214953271,0.5789473684210527,0.34523809523809523,0.8165137614678899,0.375,0.8090909090909091,0.3333333333333333,0.34146341463414637,0.54,0.5833333333333334,0.6111111111111112,0.28440366972477066,0.3163265306122449,0.2777777777777778,0.9545454545454546,0.9454545454545454,0.27522935779816515,0.30120481927710846,0.30952380952380953,0.25471698113207547,0.47,0.8636363636363636,1.0,0.36904761904761907,0.27358490566037735,0.4358974358974359,0.29357798165137616,0.9454545454545454,0.35714285714285715,0.3411764705882353,0.9636363636363636,0.3333333333333333,0.3176470588235294,0.29411764705882354,0.2926829268292683,0.2926829268292683,0.2891566265060241,0.2926829268292683,0.29357798165137616,0.30952380952380953,0.25471698113207547,0.25688073394495414,0.32142857142857145,0.30275229357798167,0.30275229357798167,0.3058823529411765,0.9545454545454546,0.3132530120481928,0.9272727272727272,0.9272727272727272
QHG62676.1,0.22580645161290322,0.2826086956521739,0.36904761904761907,0.34065934065934067,0.24731182795698925,0.2777777777777778,0.36904761904761907,0.28888888888888886,0.2857142857142857,0.2553191489361702,0.2608695652173913,0.36363636363636365,0.2235294117647059,0.34065934065934067,0.26436781609195403,0.3516483516483517,0.26881720430107525,0.2619047619047619,0.3707865168539326,0.34065934065934067,0.34065934065934067,0.27472527472527475,0.27586206896551724,0.2777777777777778,0.36904761904761907,0.36904761904761907,0.24731182795698925,0.25301204819277107,0.24705882352941178,0.2857142857142857,0.32967032967032966,0.35714285714285715,0.36904761904761907,1.0,0.26666666666666666,0.3048780487804878,0.22580645161290322,0.36904761904761907,0.34408602150537637,0.2441860465116279,0.36904761904761907,0.25882352941176473,0.2558139534883721,0.2441860465116279,0.24096385542168675,0.24096385542168675,0.24096385542168675,0.24096385542168675,0.22580645161290322,0.24705882352941178,0.2857142857142857,0.26881720430107525,0.24705882352941178,0.22580645161290322,0.23655913978494625,0.27906976744186046,0.36904761904761907,0.23529411764705882,0.38095238095238093,0.38095238095238093
QHR82657.1,0.49230769230769234,0.4338235294117647,0.27358490566037735,0.2807017543859649,0.46923076923076923,0.29850746268656714,0.2641509433962264,0.4645669291338583,0.4921875,0.46153846153846156,0.5073529411764706,0.3125,0.26136363636363635,0.25892857142857145,0.20652173913043478,0.2743362831858407,0.5522388059701493,0.2988505747126437,0.30097087378640774,0.26785714285714285,0.2857142857142857,0.4921875,0.2079207920792079,0.48412698412698413,0.27358490566037735,0.2830188679245283,0.484375,0.2558139534883721,0.26136363636363635,0.4253731343283582,0.2857142857142857,0.24528301886792453,0.27358490566037735,0.26666666666666666,1.0,0.30952380952380953,0.4846153846153846,0.27358490566037735,0.28888888888888886,0.2808988764044944,0.27358490566037735,0.3068181818181818,0.2696629213483146,0.2696629213483146,0.23255813953488372,0.23255813953488372,0.23255813953488372,0.23255813953488372,0.49230769230769234,0.2840909090909091,0.4253731343283582,0.4264705882352941,0.2840909090909091,0.49230769230769234,0.4846153846153846,0.2808988764044944,0.2830188679245283,0.27586206896551724,0.27358490566037735,0.27358490566037735
QZW33596.1,0.3103448275862069,0.3176470588235294,0.43037974683544306,0.4117647058823529,0.3409090909090909,0.352112676056338,0.4358974358974359,0.3522727272727273,0.3522727272727273,0.3258426966292135,0.313953488372093,0.3614457831325301,0.3375,0.38823529411764707,0.275,0.4,0.3181818181818182,0.3037974683544304,0.4318181818181818,0.37209302325581395,0.38372093023255816,0.3522727272727273,0.3333333333333333,0.3409090909090909,0.4358974358974359,0.4358974358974359,0.25,0.3333333333333333,0.3125,0.2976190476190476,0.39325842696629215,0.4230769230769231,0.4358974358974359,0.3048780487804878,0.30952380952380953,1.0,0.3103448275862069,0.4358974358974359,0.2345679012345679,0.37037037037037035,0.4230769230769231,0.3375,0.3333333333333333,0.30864197530864196,0.3,0.3,0.2962962962962963,0.3,0.3068181818181818,0.325,0.2976190476190476,0.29545454545454547,0.3375,0.3103448275862069,0.3218390804597701,0.3333333333333333,0.4358974358974359,0.325,0.4230769230769231,0.4230769230769231
T2DHX9,0.9594594594594594,0.4326241134751773,0.30275229357798167,0.2564102564102564,0.4772727272727273,0.2714285714285714,0.28440366972477066,0.48507462686567165,0.4888888888888889,0.42105263157894735,0.4154929577464789,0.3333333333333333,0.24444444444444444,0.2608695652173913,0.22340425531914893,0.25,0.3986013986013986,0.23595505617977527,0.29906542056074764,0.3391304347826087,0.3391304347826087,0.48148148148148145,0.22115384615384615,0.48872180451127817,0.30275229357798167,0.29357798165137616,0.46853146853146854,0.25842696629213485,0.28888888888888886,0.4375,0.28440366972477066,0.29357798165137616,0.29357798165137616,0.22580645161290322,0.4846153846153846,0.3103448275862069,1.0,0.28440366972477066,0.3229166666666667,0.2857142857142857,0.29357798165137616,0.26666666666666666,0.26373626373626374,0.24175824175824176,0.22727272727272727,0.22727272727272727,0.25842696629213485,0.22727272727272727,0.9797297297297297,0.3,0.4236111111111111,0.4195804195804196,0.26666666666666666,0.9527027027027027,0.9459459459459459,0.25274725274725274,0.30275229357798167,0.30337078651685395,0.29357798165137616,0.29357798165137616
V9PXP5,0.28440366972477066,0.2803738317757009,0.9636363636363636,0.8363636363636363,0.28440366972477066,0.44285714285714284,0.9454545454545454,0.2962962962962963,0.29357798165137616,0.26605504587155965,0.308411214953271,0.5789473684210527,0.32142857142857145,0.7981651376146789,0.36363636363636365,0.8090909090909091,0.3333333333333333,0.34146341463414637,0.53,0.5740740740740741,0.6018518518518519,0.28440366972477066,0.30612244897959184,0.2777777777777778,0.9545454545454546,0.9454545454545454,0.27522935779816515,0.30120481927710846,0.2976190476190476,0.2641509433962264,0.47,0.8636363636363636,0.9454545454545454,0.36904761904761907,0.27358490566037735,0.4358974358974359,0.28440366972477066,1.0,0.34523809523809523,0.32941176470588235,0.9636363636363636,0.32142857142857145,0.3058823529411765,0.2823529411764706,0.2926829268292683,0.2926829268292683,0.2891566265060241,0.2926829268292683,0.28440366972477066,0.2976190476190476,0.2641509433962264,0.26605504587155965,0.30952380952380953,0.29357798165137616,0.29357798165137616,0.3176470588235294,0.9545454545454546,0.30120481927710846,0.9363636363636364,0.9363636363636364
WGO62741.1,0.3333333333333333,0.30526315789473685,0.35714285714285715,0.3076923076923077,0.3541666666666667,0.2463768115942029,0.35714285714285715,0.32222222222222224,0.31868131868131866,0.34375,0.28421052631578947,0.36363636363636365,0.2235294117647059,0.32967032967032966,0.22988505747126436,0.31868131868131866,0.2708333333333333,0.2619047619047619,0.3258426966292135,0.3516483516483517,0.34065934065934067,0.3076923076923077,0.2413793103448276,0.3111111111111111,0.35714285714285715,0.35714285714285715,0.3125,0.21686746987951808,0.25882352941176473,0.2872340425531915,0.2967032967032967,0.35714285714285715,0.35714285714285715,0.34408602150537637,0.28888888888888886,0.2345679012345679,0.3229166666666667,0.34523809523809523,1.0,0.27906976744186046,0.35714285714285715,0.23529411764705882,0.23255813953488372,0.22093023255813954,0.20481927710843373,0.20481927710843373,0.20481927710843373,0.20481927710843373,0.3333333333333333,0.27058823529411763,0.2872340425531915,0.3020833333333333,0.24705882352941178,0.3333333333333333,0.3333333333333333,0.2441860465116279,0.35714285714285715,0.25882352941176473,0.35714285714285715,0.35714285714285715
WOC35488.1,0.2857142857142857,0.2222222222222222,0.3411764705882353,0.3225806451612903,0.27956989247311825,0.34782608695652173,0.3411764705882353,0.2777777777777778,0.2857142857142857,0.26373626373626374,0.25555555555555554,0.32558139534883723,0.5777777777777777,0.31868131868131866,0.4044943820224719,0.3225806451612903,0.26373626373626374,0.5340909090909091,0.29213483146067415,0.31868131868131866,0.32967032967032966,0.2857142857142857,0.3707865168539326,0.2777777777777778,0.3411764705882353,0.3411764705882353,0.26373626373626374,0.5227272727272727,0.5777777777777777,0.23595505617977527,0.29213483146067415,0.32941176470588235,0.3411764705882353,0.2441860465116279,0.2808988764044944,0.37037037037037035,0.2857142857142857,0.32941176470588235,0.27906976744186046,1.0,0.32941176470588235,0.5888888888888889,0.5604395604395604,0.5714285714285714,0.5227272727272727,0.5227272727272727,0.5113636363636364,0.5227272727272727,0.2857142857142857,0.5777777777777777,0.23595505617977527,0.25274725274725274,0.6,0.2857142857142857,0.27472527472527475,0.5604395604395604,0.3411764705882353,0.5842696629213483,0.32941176470588235,0.32941176470588235
WWS34253.1,0.29357798165137616,0.27102803738317754,0.9727272727272728,0.8454545454545455,0.30275229357798167,0.4714285714285714,0.9636363636363636,0.2962962962962963,0.29357798165137616,0.28440366972477066,0.308411214953271,0.5684210526315789,0.3333333333333333,0.8165137614678899,0.36363636363636365,0.8181818181818182,0.3333333333333333,0.32926829268292684,0.52,0.5740740740740741,0.6018518518518519,0.28440366972477066,0.3163265306122449,0.2777777777777778,0.9727272727272728,0.9636363636363636,0.27522935779816515,0.30120481927710846,0.30952380952380953,0.25471698113207547,0.46,0.8818181818181818,0.9636363636363636,0.36904761904761907,0.27358490566037735,0.4230769230769231,0.29357798165137616,0.9636363636363636,0.35714285714285715,0.32941176470588235,1.0,0.3333333333333333,0.3176470588235294,0.29411764705882354,0.2926829268292683,0.2926829268292683,0.2891566265060241,0.2926829268292683,0.29357798165137616,0.30952380952380953,0.25471698113207547,0.25688073394495414,0.32142857142857145,0.30275229357798167,0.30275229357798167,0.3058823529411765,0.9727272727272728,0.3132530120481928,0.9454545454545454,0.9454545454545454
WZD65066.1,0.26666666666666666,0.25842696629213485,0.3333333333333333,0.34444444444444444,0.25555555555555554,0.38235294117647056,0.3333333333333333,0.2696629213483146,0.28888888888888886,0.25555555555555554,0.2696629213483146,0.3058823529411765,0.6111111111111112,0.3111111111111111,0.3181818181818182,0.3333333333333333,0.28888888888888886,0.5909090909090909,0.3023255813953488,0.3111111111111111,0.3,0.28888888888888886,0.3409090909090909,0.2808988764044944,0.3333333333333333,0.3333333333333333,0.23333333333333334,0.7272727272727273,0.7555555555555555,0.25,0.32558139534883723,0.32142857142857145,0.3333333333333333,0.25882352941176473,0.3068181818181818,0.3375,0.26666666666666666,0.32142857142857145,0.23529411764705882,0.5888888888888889,0.3333333333333333,1.0,0.8777777777777778,0.8444444444444444,0.7159090909090909,0.7272727272727273,0.7045454545454546,0.7386363636363636,0.26666666666666666,0.7555555555555555,0.25,0.25555555555555554,0.8666666666666667,0.26666666666666666,0.25555555555555554,0.8555555555555555,0.3333333333333333,0.7752808988764045,0.32142857142857145,0.32142857142857145
WZD65198.1,0.25274725274725274,0.24444444444444444,0.3176470588235294,0.32967032967032966,0.25274725274725274,0.391304347826087,0.3176470588235294,0.25555555555555554,0.26373626373626374,0.25274725274725274,0.24444444444444444,0.3023255813953488,0.5888888888888889,0.2967032967032967,0.3146067415730337,0.31868131868131866,0.26373626373626374,0.625,0.28735632183908044,0.3076923076923077,0.2967032967032967,0.26373626373626374,0.33707865168539325,0.25555555555555554,0.3176470588235294,0.3176470588235294,0.21978021978021978,0.7045454545454546,0.7,0.23595505617977527,0.3218390804597701,0.3058823529411765,0.3176470588235294,0.2558139534883721,0.2696629213483146,0.3333333333333333,0.26373626373626374,0.3058823529411765,0.23255813953488372,0.5604395604395604,0.3176470588235294,0.8777777777777778,1.0,0.9230769230769231,0.7159090909090909,0.7272727272727273,0.7045454545454546,0.7386363636363636,0.26373626373626374,0.7,0.23595505617977527,0.24175824175824176,0.8,0.25274725274725274,0.24175824175824176,0.9120879120879121,0.3176470588235294,0.7191011235955056,0.3058823529411765,0.3058823529411765
WZD65323.1,0.23076923076923078,0.2222222222222222,0.29411764705882354,0.3076923076923077,0.23076923076923078,0.391304347826087,0.29411764705882354,0.25555555555555554,0.26373626373626374,0.23076923076923078,0.2222222222222222,0.3023255813953488,0.6111111111111112,0.3076923076923077,0.3146067415730337,0.31868131868131866,0.24175824175824176,0.6363636363636364,0.27586206896551724,0.2967032967032967,0.2967032967032967,0.26373626373626374,0.3258426966292135,0.25555555555555554,0.29411764705882354,0.29411764705882354,0.21978021978021978,0.7045454545454546,0.7222222222222222,0.21348314606741572,0.2988505747126437,0.3058823529411765,0.29411764705882354,0.2441860465116279,0.2696629213483146,0.30864197530864196,0.24175824175824176,0.2823529411764706,0.22093023255813954,0.5714285714285714,0.29411764705882354,0.8444444444444444,0.9230769230769231,1.0,0.75,0.7613636363636364,0.7159090909090909,0.75,0.24175824175824176,0.7222222222222222,0.21348314606741572,0.21978021978021978,0.7888888888888889,0.23076923076923078,0.21978021978021978,0.9340659340659341,0.29411764705882354,0.7191011235955056,0.2823529411764706,0.2823529411764706
WZD65710.1,0.2159090909090909,0.21839080459770116,0.2926829268292683,0.3068181818181818,0.19318181818181818,0.3382352941176471,0.2926829268292683,0.27586206896551724,0.2840909090909091,0.20454545454545456,0.2413793103448276,0.3253012048192771,0.6477272727272727,0.3068181818181818,0.313953488372093,0.3068181818181818,0.26136363636363635,0.6627906976744186,0.27380952380952384,0.3068181818181818,0.3068181818181818,0.2840909090909091,0.3372093023255814,0.26436781609195403,0.2926829268292683,0.2926829268292683,0.23863636363636365,0.9090909090909091,0.7386363636363636,0.20930232558139536,0.2976190476190476,0.3048780487804878,0.2926829268292683,0.24096385542168675,0.23255813953488372,0.3,0.22727272727272727,0.2926829268292683,0.20481927710843373,0.5227272727272727,0.2926829268292683,0.7159090909090909,0.7159090909090909,0.75,1.0,0.9772727272727273,0.9431818181818182,0.9772727272727273,0.22727272727272727,0.75,0.20930232558139536,0.2159090909090909,0.75,0.2159090909090909,0.20454545454545456,0.75,0.2926829268292683,0.7586206896551724,0.2926829268292683,0.2926829268292683
WZD65840.1,0.2159090909090909,0.22988505747126436,0.2926829268292683,0.3068181818181818,0.19318181818181818,0.3382352941176471,0.2926829268292683,0.26436781609195403,0.2727272727272727,0.20454545454545456,0.22988505747126436,0.3253012048192771,0.6477272727272727,0.3068181818181818,0.3023255813953488,0.3068181818181818,0.25,0.6744186046511628,0.27380952380952384,0.3068181818181818,0.3068181818181818,0.2727272727272727,0.3372093023255814,0.25287356321839083,0.2926829268292683,0.2926829268292683,0.23863636363636365,0.8863636363636364,0.7272727272727273,0.20930232558139536,0.2976190476190476,0.3048780487804878,0.2926829268292683,0.24096385542168675,0.23255813953488372,0.3,0.22727272727272727,0.2926829268292683,0.20481927710843373,0.5227272727272727,0.2926829268292683,0.7272727272727273,0.7272727272727273,0.7613636363636364,0.9772727272727273,1.0,0.9204545454545454,0.9772727272727273,0.22727272727272727,0.7386363636363636,0.20930232558139536,0.2159090909090909,0.7386363636363636,0.2159090909090909,0.20454545454545456,0.7613636363636364,0.2926829268292683,0.7471264367816092,0.2926829268292683,0.2926829268292683
WZD65968.1,0.24719101123595505,0.21839080459770116,0.2891566265060241,0.3146067415730337,0.20224719101123595,0.3188405797101449,0.2891566265060241,0.2840909090909091,0.29213483146067415,0.20224719101123595,0.2413793103448276,0.32142857142857145,0.625,0.29213483146067415,0.3023255813953488,0.29213483146067415,0.26136363636363635,0.6395348837209303,0.25882352941176473,0.30337078651685395,0.30337078651685395,0.29213483146067415,0.3333333333333333,0.2727272727272727,0.2891566265060241,0.2891566265060241,0.23595505617977527,0.8764044943820225,0.7386363636363636,0.20930232558139536,0.2823529411764706,0.30120481927710846,0.2891566265060241,0.24096385542168675,0.23255813953488372,0.2962962962962963,0.25842696629213485,0.2891566265060241,0.20481927710843373,0.5113636363636364,0.2891566265060241,0.7045454545454546,0.7045454545454546,0.7159090909090909,0.9431818181818182,0.9204545454545454,1.0,0.9431818181818182,0.24719101123595505,0.75,0.20930232558139536,0.21348314606741572,0.75,0.24719101123595505,0.23595505617977527,0.7159090909090909,0.2891566265060241,0.7586206896551724,0.2891566265060241,0.2891566265060241
WZD66097.1,0.2159090909090909,0.22988505747126436,0.2926829268292683,0.3181818181818182,0.19318181818181818,0.3382352941176471,0.2926829268292683,0.26436781609195403,0.2727272727272727,0.20454545454545456,0.22988505747126436,0.3253012048192771,0.6477272727272727,0.29545454545454547,0.3023255813953488,0.29545454545454547,0.25,0.6744186046511628,0.27380952380952384,0.3068181818181818,0.3068181818181818,0.2727272727272727,0.3372093023255814,0.25287356321839083,0.2926829268292683,0.2926829268292683,0.23863636363636365,0.8863636363636364,0.7272727272727273,0.20930232558139536,0.2976190476190476,0.3048780487804878,0.2926829268292683,0.24096385542168675,0.23255813953488372,0.3,0.22727272727272727,0.2926829268292683,0.20481927710843373,0.5227272727272727,0.2926829268292683,0.7386363636363636,0.7386363636363636,0.75,0.9772727272727273,0.9772727272727273,0.9431818181818182,1.0,0.22727272727272727,0.7386363636363636,0.20930232558139536,0.2159090909090909,0.75,0.2159090909090909,0.20454545454545456,0.75,0.2926829268292683,0.7471264367816092,0.2926829268292683,0.2926829268292683
XKH15810.1,0.9391891891891891,0.4326241134751773,0.3,0.2564102564102564,0.47368421052631576,0.2714285714285714,0.28440366972477066,0.48148148148148145,0.4852941176470588,0.43283582089552236,0.4295774647887324,0.33,0.24444444444444444,0.2608695652173913,0.22340425531914893,0.25,0.4125874125874126,0.23595505617977527,0.3055555555555556,0.33620689655172414,0.33620689655172414,0.47794117647058826,0.21153846153846154,0.48507462686567165,0.30275229357798167,0.29357798165137616,0.4652777777777778,0.24719101123595505,0.2777777777777778,0.4444444444444444,0.2909090909090909,0.29357798165137616,0.29357798165137616,0.22580645161290322,0.49230769230769234,0.3068181818181818,0.9797297297297297,0.28440366972477066,0.3333333333333333,0.2857142857142857,0.29357798165137616,0.26666666666666666,0.26373626373626374,0.24175824175824176,0.22727272727272727,0.22727272727272727,0.24719101123595505,0.22727272727272727,1.0,0.28888888888888886,0.4305555555555556,0.4166666666666667,0.26666666666666666,0.9324324324324325,0.9256756756756757,0.25274725274725274,0.30275229357798167,0.29213483146067415,0.29357798165137616,0.29357798165137616
XPQ45389.1,0.28888888888888886,0.23595505617977527,0.30952380952380953,0.32222222222222224,0.2777777777777778,0.35294117647058826,0.30952380952380953,0.29213483146067415,0.3,0.2777777777777778,0.24719101123595505,0.32941176470588235,0.6333333333333333,0.3111111111111111,0.3409090909090909,0.32222222222222224,0.26666666666666666,0.625,0.3023255813953488,0.32222222222222224,0.32222222222222224,0.3,0.3522727272727273,0.29213483146067415,0.30952380952380953,0.30952380952380953,0.25555555555555554,0.7727272727272727,0.9222222222222223,0.23863636363636365,0.3372093023255814,0.32142857142857145,0.30952380952380953,0.24705882352941178,0.2840909090909091,0.325,0.3,0.2976190476190476,0.27058823529411763,0.5777777777777777,0.30952380952380953,0.7555555555555555,0.7,0.7222222222222222,0.75,0.7386363636363636,0.75,0.7386363636363636,0.28888888888888886,1.0,0.23863636363636365,0.24444444444444444,0.8444444444444444,0.28888888888888886,0.28888888888888886,0.7333333333333333,0.30952380952380953,0.9325842696629213,0.2976190476190476,0.2976190476190476
YAW79107.1,0.4236111111111111,0.8,0.2641509433962264,0.2807017543859649,0.417910447761194,0.2835820895522388,0.24528301886792453,0.48091603053435117,0.49242424242424243,0.4148148148148148,0.36363636363636365,0.2916666666666667,0.22727272727272727,0.24107142857142858,0.25,0.2743362831858407,0.3563218390804598,0.25287356321839083,0.2692307692307692,0.29464285714285715,0.33035714285714285,0.5,0.19801980198019803,0.5076923076923077,0.25471698113207547,0.25471698113207547,0.48226950354609927,0.23255813953488372,0.22727272727272727,0.9787234042553191,0.2830188679245283,0.2641509433962264,0.25471698113207547,0.2857142857142857,0.4253731343283582,0.2976190476190476,0.4236111111111111,0.2641509433962264,0.2872340425531915,0.23595505617977527,0.25471698113207547,0.25,0.23595505617977527,0.21348314606741572,0.20930232558139536,0.20930232558139536,0.20930232558139536,0.20930232558139536,0.4305555555555556,0.23863636363636365,1.0,0.8379888268156425,0.23863636363636365,0.4305555555555556,0.4444444444444444,0.24719101123595505,0.25471698113207547,0.2413793103448276,0.24528301886792453,0.2358490566037736
YBO75993.1,0.4195804195804196,0.8202247191011236,0.25892857142857145,0.28205128205128205,0.410958904109589,0.2714285714285714,0.24770642201834864,0.47368421052631576,0.48507462686567165,0.42857142857142855,0.3701657458563536,0.29411764705882354,0.23333333333333334,0.23478260869565218,0.26595744680851063,0.27586206896551724,0.37572254335260113,0.24719101123595505,0.29357798165137616,0.3076923076923077,0.3333333333333333,0.4925373134328358,0.21153846153846154,0.5,0.25688073394495414,0.25688073394495414,0.4722222222222222,0.23595505617977527,0.23333333333333334,0.8268156424581006,0.3063063063063063,0.25688073394495414,0.25688073394495414,0.26881720430107525,0.4264705882352941,0.29545454545454547,0.4195804195804196,0.26605504587155965,0.3020833333333333,0.25274725274725274,0.25688073394495414,0.25555555555555554,0.24175824175824176,0.21978021978021978,0.2159090909090909,0.2159090909090909,0.21348314606741572,0.2159090909090909,0.4166666666666667,0.24444444444444444,0.8379888268156425,1.0,0.24444444444444444,0.42657342657342656,0.4405594405594406,0.25274725274725274,0.25688073394495414,0.24719101123595505,0.24770642201834864,0.24770642201834864
YBU52136.1,0.2777777777777778,0.23595505617977527,0.32142857142857145,0.3333333333333333,0.26666666666666666,0.36764705882352944,0.32142857142857145,0.30337078651685395,0.3111111111111111,0.26666666666666666,0.25842696629213485,0.32941176470588235,0.6555555555555556,0.32222222222222224,0.3522727272727273,0.32222222222222224,0.2777777777777778,0.625,0.313953488372093,0.32222222222222224,0.3111111111111111,0.3111111111111111,0.32954545454545453,0.30337078651685395,0.32142857142857145,0.32142857142857145,0.26666666666666666,0.7386363636363636,0.8111111111111111,0.23863636363636365,0.3372093023255814,0.3333333333333333,0.32142857142857145,0.24705882352941178,0.2840909090909091,0.3375,0.26666666666666666,0.30952380952380953,0.24705882352941178,0.6,0.32142857142857145,0.8666666666666667,0.8,0.7888888888888889,0.75,0.7386363636363636,0.75,0.75,0.26666666666666666,0.8444444444444444,0.23863636363636365,0.24444444444444444,1.0,0.2777777777777778,0.26666666666666666,0.8111111111111111,0.32142857142857145,0.8426966292134831,0.30952380952380953,0.30952380952380953
YBU52347.1,0.972972972972973,0.4397163120567376,0.3119266055045872,0.26495726495726496,0.49242424242424243,0.2714285714285714,0.29357798165137616,0.4925373134328358,0.4962962962962963,0.42857142857142855,0.4154929577464789,0.3333333333333333,0.23333333333333334,0.26956521739130435,0.22340425531914893,0.25862068965517243,0.4125874125874126,0.2247191011235955,0.29906542056074764,0.34782608695652173,0.34782608695652173,0.4888888888888889,0.21153846153846154,0.49624060150375937,0.3119266055045872,0.30275229357798167,0.4825174825174825,0.24719101123595505,0.2777777777777778,0.4375,0.28440366972477066,0.30275229357798167,0.30275229357798167,0.22580645161290322,0.49230769230769234,0.3103448275862069,0.9527027027027027,0.29357798165137616,0.3333333333333333,0.2857142857142857,0.30275229357798167,0.26666666666666666,0.25274725274725274,0.23076923076923078,0.2159090909090909,0.2159090909090909,0.24719101123595505,0.2159090909090909,0.9324324324324325,0.28888888888888886,0.4305555555555556,0.42657342657342656,0.2777777777777778,1.0,0.9527027027027027,0.24175824175824176,0.3119266055045872,0.29213483146067415,0.28440366972477066,0.28440366972477066
YCL82046.1,0.9391891891891891,0.45390070921985815,0.3119266055045872,0.27350427350427353,0.48484848484848486,0.2714285714285714,0.29357798165137616,0.4925373134328358,0.5037037037037037,0.42857142857142855,0.4154929577464789,0.32323232323232326,0.2222222222222222,0.26956521739130435,0.22340425531914893,0.2672413793103448,0.4195804195804196,0.2247191011235955,0.308411214953271,0.3391304347826087,0.3565217391304348,0.4888888888888889,0.22115384615384615,0.49624060150375937,0.3119266055045872,0.30275229357798167,0.4825174825174825,0.23595505617977527,0.2777777777777778,0.4583333333333333,0.29357798165137616,0.30275229357798167,0.30275229357798167,0.23655913978494625,0.4846153846153846,0.3218390804597701,0.9459459459459459,0.29357798165137616,0.3333333333333333,0.27472527472527475,0.30275229357798167,0.25555555555555554,0.24175824175824176,0.21978021978021978,0.20454545454545456,0.20454545454545456,0.23595505617977527,0.20454545454545456,0.9256756756756757,0.28888888888888886,0.4444444444444444,0.4405594405594406,0.26666666666666666,0.9527027027027027,1.0,0.23076923076923078,0.3119266055045872,0.2808988764044944,0.28440366972477066,0.28440366972477066
YP_003457410.1,0.24175824175824176,0.25555555555555554,0.3058823529411765,0.3076923076923077,0.24175824175824176,0.391304347826087,0.3058823529411765,0.2777777777777778,0.2857142857142857,0.25274725274725274,0.24444444444444444,0.32558139534883723,0.6,0.31868131868131866,0.3146067415730337,0.31868131868131866,0.26373626373626374,0.6363636363636364,0.3103448275862069,0.31868131868131866,0.31868131868131866,0.2857142857142857,0.33707865168539325,0.2777777777777778,0.3058823529411765,0.3058823529411765,0.24175824175824176,0.7386363636363636,0.7333333333333333,0.24719101123595505,0.3333333333333333,0.3176470588235294,0.3058823529411765,0.27906976744186046,0.2808988764044944,0.3333333333333333,0.25274725274725274,0.3176470588235294,0.2441860465116279,0.5604395604395604,0.3058823529411765,0.8555555555555555,0.9120879120879121,0.9340659340659341,0.75,0.7613636363636364,0.7159090909090909,0.75,0.25274725274725274,0.7333333333333333,0.24719101123595505,0.25274725274725274,0.8111111111111111,0.24175824175824176,0.23076923076923078,1.0,0.3058823529411765,0.7303370786516854,0.3058823529411765,0.3058823529411765
P20535.1,0.30275229357798167,0.27102803738317754,0.9636363636363636,0.8363636363636363,0.29357798165137616,0.45714285714285713,0.9545454545454546,0.3055555555555556,0.30275229357798167,0.27522935779816515,0.3177570093457944,0.5789473684210527,0.34523809523809523,0.8165137614678899,0.375,0.8090909090909091,0.3425925925925926,0.34146341463414637,0.53,0.5925925925925926,0.6203703703703703,0.29357798165137616,0.30612244897959184,0.28703703703703703,0.9636363636363636,0.9545454545454546,0.27522935779816515,0.30120481927710846,0.30952380952380953,0.25471698113207547,0.47,0.8727272727272727,0.9545454545454546,0.36904761904761907,0.2830188679245283,0.4358974358974359,0.30275229357798167,0.9545454545454546,0.35714285714285715,0.3411764705882353,0.9727272727272728,0.3333333333333333,0.3176470588235294,0.29411764705882354,0.2926829268292683,0.2926829268292683,0.2891566265060241,0.2926829268292683,0.30275229357798167,0.30952380952380953,0.25471698113207547,0.25688073394495414,0.32142857142857145,0.3119266055045872,0.3119266055045872,0.3058823529411765,1.0,0.3132530120481928,0.9363636363636364,0.9363636363636364
P26654.1,0.29213483146067415,0.23863636363636365,0.3132530120481928,0.3146067415730337,0.2808988764044944,0.35294117647058826,0.3132530120481928,0.2727272727272727,0.2808988764044944,0.2808988764044944,0.25,0.29411764705882354,0.6404494382022472,0.29213483146067415,0.3563218390804598,0.3146067415730337,0.2696629213483146,0.6206896551724138,0.3023255813953488,0.29213483146067415,0.29213483146067415,0.2808988764044944,0.3448275862068966,0.2727272727272727,0.3132530120481928,0.3132530120481928,0.23595505617977527,0.8045977011494253,0.9438202247191011,0.2413793103448276,0.32558139534883723,0.30120481927710846,0.3132530120481928,0.23529411764705882,0.27586206896551724,0.325,0.30337078651685395,0.30120481927710846,0.25882352941176473,0.5842696629213483,0.3132530120481928,0.7752808988764045,0.7191011235955056,0.7191011235955056,0.7586206896551724,0.7471264367816092,0.7586206896551724,0.7471264367816092,0.29213483146067415,0.9325842696629213,0.2413793103448276,0.24719101123595505,0.8426966292134831,0.29213483146067415,0.2808988764044944,0.7303370786516854,0.3132530120481928,1.0,0.30120481927710846,0.30120481927710846
YFT66960.1,0.29357798165137616,0.2616822429906542,0.9363636363636364,0.8272727272727273,0.28440366972477066,0.44285714285714284,0.9454545454545454,0.28703703703703703,0.28440366972477066,0.26605504587155965,0.29906542056074764,0.5894736842105263,0.3333333333333333,0.7981651376146789,0.36363636363636365,0.8,0.32407407407407407,0.34146341463414637,0.5,0.5833333333333334,0.6018518518518519,0.27522935779816515,0.3163265306122449,0.26851851851851855,0.9363636363636364,0.9363636363636364,0.26605504587155965,0.30120481927710846,0.2976190476190476,0.24528301886792453,0.45,0.8636363636363636,0.9272727272727272,0.38095238095238093,0.27358490566037735,0.4230769230769231,0.29357798165137616,0.9363636363636364,0.35714285714285715,0.32941176470588235,0.9454545454545454,0.32142857142857145,0.3058823529411765,0.2823529411764706,0.2926829268292683,0.2926829268292683,0.2891566265060241,0.2926829268292683,0.29357798165137616,0.2976190476190476,0.24528301886792453,0.24770642201834864,0.30952380952380953,0.28440366972477066,0.28440366972477066,0.3058823529411765,0.9363636363636364,0.30120481927710846,1.0,0.9818181818181818
YFT67316.1,0.29357798165137616,0.2616822429906542,0.9363636363636364,0.8181818181818182,0.28440366972477066,0.4714285714285714,0.9272727272727272,0.28703703703703703,0.28440366972477066,0.26605504587155965,0.29906542056074764,0.5894736842105263,0.3333333333333333,0.7889908256880734,0.36363636363636365,0.7909090909090909,0.32407407407407407,0.34146341463414637,0.5,0.5833333333333334,0.6018518518518519,0.27522935779816515,0.3163265306122449,0.26851851851851855,0.9363636363636364,0.9363636363636364,0.26605504587155965,0.30120481927710846,0.2976190476190476,0.2358490566037736,0.47,0.8545454545454545,0.9272727272727272,0.38095238095238093,0.27358490566037735,0.4230769230769231,0.29357798165137616,0.9363636363636364,0.35714285714285715,0.32941176470588235,0.9454545454545454,0.32142857142857145,0.3058823529411765,0.2823529411764706,0.2926829268292683,0.2926829268292683,0.2891566265060241,0.2926829268292683,0.29357798165137616,0.2976190476190476,0.2358490566037736,0.24770642201834864,0.30952380952380953,0.28440366972477066,0.28440366972477066,0.3058823529411765,0.9363636363636364,0.30120481927710846,0.9818181818181818,1.0
