group	residue	resn	chain	mean_rel	sd	min	max	verdict	n
Hydrophobic core (a/d positions)	47	LEU	A	13.8	6.9	5.4	53.1	buried	97
Hydrophobic core (a/d positions)	47	LEU	B	17.0	6.3	6.0	37.3	buried	97
Hydrophobic core (a/d positions)	47	LEU	C	11.5	4.5	4.2	40.8	buried	97
Hydrophobic core (a/d positions)	47	LEU	all	14.1	6.4	4.2	53.1	buried	291
Hydrophobic core (a/d positions)	51	LEU	A	1.7	1.7	0.0	14.4	buried	97
Hydrophobic core (a/d positions)	51	LEU	B	4.8	1.3	0.0	8.4	buried	97
Hydrophobic core (a/d positions)	51	LEU	C	4.9	1.2	1.2	7.8	buried	97
Hydrophobic core (a/d positions)	51	LEU	all	3.8	2.1	0.0	14.4	buried	291
Hydrophobic core (a/d positions)	54	LEU	A	3.6	1.1	0.0	7.8	buried	97
Hydrophobic core (a/d positions)	54	LEU	B	2.6	1.5	0.0	8.4	buried	97
Hydrophobic core (a/d positions)	54	LEU	C	4.0	1.4	0.6	9.0	buried	97
Hydrophobic core (a/d positions)	54	LEU	all	3.4	1.5	0.0	9.0	buried	291
Hydrophobic core (a/d positions)	58	ILE	A	1.9	1.5	0.0	6.1	buried	97
Hydrophobic core (a/d positions)	58	ILE	B	3.9	1.7	0.6	9.2	buried	97
Hydrophobic core (a/d positions)	58	ILE	C	3.0	1.6	0.0	7.4	buried	97
Hydrophobic core (a/d positions)	58	ILE	all	2.9	1.8	0.0	9.2	buried	291
Hydrophobic core (a/d positions)	61	ILE	A	1.2	1.6	0.0	13.3	buried	97
Hydrophobic core (a/d positions)	61	ILE	B	4.7	2.3	0.0	10.4	buried	97
Hydrophobic core (a/d positions)	61	ILE	C	2.0	1.9	0.0	14.0	buried	97
Hydrophobic core (a/d positions)	61	ILE	all	2.6	2.4	0.0	14.0	buried	291
Hydrophobic core (a/d positions)	65	PHE	A	2.9	2.5	0.0	9.6	buried	97
Hydrophobic core (a/d positions)	65	PHE	B	7.3	2.3	2.5	16.1	buried	97
Hydrophobic core (a/d positions)	65	PHE	C	9.6	3.1	4.0	19.4	buried	97
Hydrophobic core (a/d positions)	65	PHE	all	6.6	3.8	0.0	19.4	buried	291
A18-binding surface	81	ARG	A	53.7	5.5	39.1	67.1	exposed	97
A18-binding surface	81	ARG	B	48.3	8.6	26.4	63.9	exposed	97
A18-binding surface	81	ARG	C	53.2	5.9	36.6	64.4	exposed	97
A18-binding surface	81	ARG	all	51.7	7.2	26.4	67.1	exposed	291
A18-binding surface	87	GLU	A	37.4	4.5	24.7	47.3	exposed	97
A18-binding surface	87	GLU	B	41.8	2.9	34.2	50.8	exposed	97
A18-binding surface	87	GLU	C	41.9	3.1	32.2	48.3	exposed	97
A18-binding surface	87	GLU	all	40.4	4.2	24.7	50.8	exposed	291
A18-binding surface	88	THR	A	49.7	2.1	43.7	54.4	exposed	97
A18-binding surface	88	THR	B	48.7	3.2	37.7	54.7	exposed	97
A18-binding surface	88	THR	C	49.9	2.1	44.4	55.7	exposed	97
A18-binding surface	88	THR	all	49.4	2.6	37.7	55.7	exposed	291
A18-binding surface	94	ILE	A	40.9	7.3	22.1	62.3	exposed	97
A18-binding surface	94	ILE	B	41.6	7.1	20.8	55.6	exposed	97
A18-binding surface	94	ILE	C	41.3	7.2	20.8	56.8	exposed	97
A18-binding surface	94	ILE	all	41.3	7.2	20.8	62.3	exposed	291
A18-binding surface	95	SER	A	46.0	3.9	30.6	52.7	exposed	97
A18-binding surface	95	SER	B	45.6	4.2	28.4	51.4	exposed	97
A18-binding surface	95	SER	C	45.7	3.6	32.1	52.8	exposed	97
A18-binding surface	95	SER	all	45.8	3.9	28.4	52.8	exposed	291
A18-binding surface	98	LYS	A	41.1	6.9	24.6	62.8	exposed	97
A18-binding surface	98	LYS	B	40.6	7.4	22.8	61.2	exposed	97
A18-binding surface	98	LYS	C	40.7	7.1	23.7	56.3	exposed	97
A18-binding surface	98	LYS	all	40.8	7.1	22.8	62.8	exposed	291
A18-binding surface	99	LYS	A	46.9	5.2	32.0	59.2	exposed	97
A18-binding surface	99	LYS	B	34.5	10.1	11.7	62.1	exposed	97
A18-binding surface	99	LYS	C	47.3	4.7	34.8	60.3	exposed	97
A18-binding surface	99	LYS	all	42.9	9.3	11.7	62.1	exposed	291
Cysteine pair	71	CYS	A	41.9	3.6	33.9	55.9	exposed	97
Cysteine pair	71	CYS	B	19.3	7.3	8.8	39.5	buried	97
Cysteine pair	71	CYS	C	42.0	3.7	31.8	55.9	exposed	97
Cysteine pair	71	CYS	all	34.4	11.9	8.8	55.9	exposed	291
Cysteine pair	72	CYS	A	7.1	2.4	2.2	15.8	buried	97
Cysteine pair	72	CYS	B	29.0	6.3	11.9	42.0	exposed	97
Cysteine pair	72	CYS	C	41.0	4.7	24.8	51.1	exposed	97
Cysteine pair	72	CYS	all	25.7	14.8	2.2	51.1	exposed	291
Polar core layer	75	ASN	A	31.7	4.2	16.6	41.5	exposed	97
Polar core layer	75	ASN	B	7.8	2.9	1.2	20.2	buried	97
Polar core layer	75	ASN	C	40.6	4.0	33.0	51.3	exposed	97
Polar core layer	75	ASN	all	26.7	14.4	1.2	51.3	exposed	291
