node,SH_aLRT,aBayes,UFBoot,well_supported
1,75.1,0.856,94.0,N
2,90.3,0.996,99.0,Y
3,100.0,1.0,100.0,Y
4,0.0,0.333,27.0,N
5,0.0,0.333,13.0,N
6,0.0,0.333,11.0,N
7,0.0,0.333,10.0,N
8,0.0,0.333,21.0,N
9,82.5,0.992,81.0,N
10,78.0,0.919,88.0,N
11,74.1,0.595,83.0,N
12,85.5,0.977,89.0,N
13,99.3,1.0,100.0,Y
14,75.6,0.525,99.0,N
15,42.3,0.806,84.0,N
16,88.7,0.927,53.0,N
17,11.8,0.538,91.0,N
18,93.7,1.0,94.0,N
19,97.1,1.0,94.0,N
20,0.0,0.333,37.0,N
21,94.3,1.0,90.0,N
22,91.5,0.989,99.0,Y
23,94.1,0.998,99.0,Y
24,97.7,1.0,100.0,Y
25,82.6,0.729,99.0,Y
26,70.3,0.773,92.0,N
27,92.4,0.988,96.0,Y
28,99.6,1.0,99.0,Y
29,72.0,0.562,66.0,N
30,61.8,0.559,44.0,N
31,76.1,0.59,59.0,N
32,95.7,1.0,91.0,N
33,0.0,0.333,53.0,N
34,90.2,0.989,60.0,N
35,77.5,0.839,98.0,N
36,97.8,1.0,97.0,Y
37,78.1,0.746,57.0,N
38,100.0,1.0,84.0,N
39,61.8,0.905,61.0,N
40,38.5,0.544,51.0,N
41,68.3,0.975,65.0,N
42,78.2,0.553,68.0,N
43,100.0,1.0,100.0,Y
44,99.7,1.0,100.0,Y
45,75.9,0.843,80.0,N
46,0.0,0.336,57.0,N
47,37.3,0.457,58.0,N
48,71.3,0.904,61.0,N
49,0.0,0.333,44.0,N
50,99.1,1.0,99.0,Y
51,91.4,0.997,74.0,N
52,48.4,0.659,57.0,N
53,100.0,1.0,100.0,Y
54,97.1,1.0,100.0,Y
55,0.0,0.333,89.0,N
56,94.5,1.0,100.0,Y
57,58.9,0.985,86.0,N
