genus,accession,species,length,PF02346_bits,PF02346_pass_GA,PF06086_bits,PF06086_pass_GA,flag
Avipoxvirus,QZW33596.1,Unclassified_magpiepox_virus_2,92,86.0,Y,NA,N,
Capripoxvirus,A0A4D6DKN1,Capripoxvirus_goatpox,148,65.0,Y,NA,N,
Capripoxvirus,P16717.1,Capripoxvirus_sheeppox,148,65.0,Y,NA,N,
Capripoxvirus,T2DHX9,Capripoxvirus_sheeppox,148,65.3,Y,NA,N,
Capripoxvirus,T2DJJ6,Capripoxvirus_sheeppox,148,65.3,Y,NA,N,
Capripoxvirus,XKH15810.1,Capripoxvirus_sheeppox,149,65.2,Y,NA,N,
Capripoxvirus,XPY37795.1,Capripoxvirus_sheeppox,149,65.2,Y,NA,N,
Capripoxvirus,YBU52347.1,Capripoxvirus_sheeppox,148,65.0,Y,NA,N,
Capripoxvirus,YCL81897.1,Capripoxvirus_goatpox,148,58.7,Y,NA,N,
Capripoxvirus,YCL82046.1,Capripoxvirus_lumpyskinpox,148,65.0,Y,NA,N,
Capripoxvirus,YDS16483.1,Capripoxvirus_lumpyskinpox,148,65.0,Y,NA,N,
Centapoxvirus,AEN03720.1,Centapoxvirus_yokapox,102,87.9,Y,NA,N,
Centapoxvirus,AST09338.1,Centapoxvirus_microtuspox,119,89.8,Y,NA,N,
Centapoxvirus,AST09540.1,Centapoxvirus_microtuspox,117,89.2,Y,NA,N,
Cervidpoxvirus,ABI99110.1,Cervidpoxvirus_muledeerpox,136,57.9,Y,NA,N,
Cervidpoxvirus,ABI99281.1,Cervidpoxvirus_muledeerpox,137,61.6,Y,NA,N,
Cervidpoxvirus,AUI80687.1,Unclassified_white-tailed_deer_poxvirus,137,61.6,Y,NA,N,
Cervidpoxvirus,AYC44792.1,Unclassified_moosepox_virus,135,61.7,Y,NA,N,
Crocodylidpoxvirus,QGT49194.1,Unclassified_saltwater_crocodilepox,165,27.3,N,NA,N,PF02346_below_GA
Crocodylidpoxvirus,QGT49408.1,Unclassified_saltwater_crocodilepox,233,26.4,N,NA,N,PF02346_below_GA
Leporipoxvirus,AAF17998.1,Leporipoxvirus_shope,179,56.6,Y,NA,N,
Leporipoxvirus,Q83655,Leporipoxvirus_myxoma,188,59.5,Y,NA,N,
Leporipoxvirus,YAW79107.1,Leporipoxvirus_myxoma,188,59.5,Y,NA,N,
Leporipoxvirus,YBO75993.1,Leporipoxvirus_myxoma,193,61.3,Y,NA,N,
Mustelpoxvirus,AWU47162.1,Mustelpoxvirus_seaotterpox,108,79.3,Y,NA,N,
Orthopoxvirus,AAL73853.1,Orthopoxvirus_camelpox,117,89.6,Y,NA,N,
Orthopoxvirus,AAQ72922.1,Orthopoxvirus_skunkpox,136,89.2,Y,NA,N,
Orthopoxvirus,ABD97717.1,Orthopoxvirus_taterapox,110,88.0,Y,NA,N,
Orthopoxvirus,AKJ93776.1,Orthopoxvirus_raccoonpox,119,87.5,Y,NA,N,
Orthopoxvirus,AOP31836.1,Orthopoxvirus_volepox,132,89.9,Y,NA,N,
Orthopoxvirus,AYN64713.1,Orthopoxvirus_abatino,110,90.3,Y,NA,N,
Orthopoxvirus,C9E789,Orthopoxvirus_camelpox,110,89.8,Y,NA,N,
Orthopoxvirus,C9E790,Orthopoxvirus_camelpox,110,90.6,Y,NA,N,
Orthopoxvirus,C9E791,Orthopoxvirus_camelpox,110,89.8,Y,NA,N,
Orthopoxvirus,CAG7621171.1,Orthopoxvirus_ectomelia,110,89.9,Y,NA,N,
Orthopoxvirus,P20535.1,Orthopoxvirus_vaccinia,110,89.9,Y,NA,N,
Orthopoxvirus,P26312,Orthopoxvirus_vaccinia,136,89.0,Y,NA,N,
Orthopoxvirus,P33816.1,Orthopoxvirus_vaccinia,110,89.2,Y,NA,N,
Orthopoxvirus,Q83970,Orthopoxvirus_cowpox,214,42.9,Y,NA,N,
Orthopoxvirus,Q8QMS8,Orthopoxvirus_cowpox,192,42.9,Y,NA,N,
Orthopoxvirus,QED21266.1,Orthopoxvirus_borealpox,110,87.6,Y,NA,N,
Orthopoxvirus,QEQ49703.1,Orthopoxvirus_akhmetapox,110,90.1,Y,NA,N,
Orthopoxvirus,V9PXP5,Orthopoxvirus_cowpox,110,89.3,Y,NA,N,
Orthopoxvirus,WWS34253.1,Orthopoxvirus_variola,110,89.2,Y,NA,N,
Orthopoxvirus,YCL31322.1,Orthopoxvirus_cowpox,110,89.8,Y,NA,N,
Orthopoxvirus,YCL31741.1,Orthopoxvirus_cowpox,193,42.9,Y,NA,N,
Orthopoxvirus,YCL31793.1,Orthopoxvirus_cowpox,110,89.8,Y,NA,N,
Orthopoxvirus,YFN02224.1,Orthopoxvirus_vaccinia,110,89.9,Y,NA,N,
Orthopoxvirus,YFT66960.1,Orthopoxvirus_monkeypox,110,90.1,Y,NA,N,
Orthopoxvirus,YFT67137.1,Orthopoxvirus_monkeypox,107,90.2,Y,NA,N,
Orthopoxvirus,YFT67316.1,Orthopoxvirus_monkeypox,110,90.4,Y,NA,N,
Oryzopoxvirus,ADT91144.1,Oryzopoxvirus_cotia,237,65.7,Y,NA,N,
Oryzopoxvirus,APG58335.1,Unclassified_BeAn58058,236,64.4,Y,NA,N,
Parapoxvirus,AIZ77355.1,Parapoxvirus_reddeerpox,90,67.6,Y,NA,N,
Parapoxvirus,ASF89976.1,Parapoxvirus_sealpox,89,72.5,Y,NA,N,
Parapoxvirus,P26654.1,Parapoxvirus_orf,89,63.3,Y,NA,N,
Parapoxvirus,Q6TV84,Parapoxvirus_bovinestomatitis,89,62.9,Y,NA,N,
Parapoxvirus,Q6TVL6,Parapoxvirus_orf,90,65.5,Y,NA,N,
Parapoxvirus,WOC35488.1,Unclassified_equine_parapoxvirus,95,76.4,Y,NA,N,
Parapoxvirus,WZD65066.1,Parapoxvirus_pseudocowpox,90,58.7,Y,NA,N,
Parapoxvirus,WZD65198.1,Parapoxvirus_pseudocowpox,91,59.2,Y,NA,N,
Parapoxvirus,WZD65323.1,Parapoxvirus_pseudocowpox,91,59.2,Y,NA,N,
Parapoxvirus,WZD65710.1,Parapoxvirus_bovinestomatitis,88,61.2,Y,NA,N,
Parapoxvirus,WZD65840.1,Parapoxvirus_bovinestomatitis,88,60.2,Y,NA,N,
Parapoxvirus,WZD65968.1,Parapoxvirus_bovinestomatitis,89,62.5,Y,NA,N,
Parapoxvirus,WZD66097.1,Parapoxvirus_bovinestomatitis,88,60.4,Y,NA,N,
Parapoxvirus,XPQ45389.1,Parapoxvirus_orf,90,62.3,Y,NA,N,
Parapoxvirus,XSG12557.1,Parapoxvirus_orf,137,46.2,Y,NA,N,
Parapoxvirus,YBU52136.1,Parapoxvirus_orf,90,62.5,Y,NA,N,
Parapoxvirus,YDE36723.1,Parapoxvirus_bovinestomatitis,89,62.5,Y,NA,N,
Parapoxvirus,YP_003457410.1,Parapoxvirus_pseudocowpox,91,59.6,Y,NA,N,
Pteropopoxvirus,ANS71206.1,Pteropopoxvirus_pteropox,98,73.9,Y,NA,N,
Sciuripoxvirus,ABD51467.1,Sciuripoxvirus_squirrelpox,74,75.4,Y,NA,N,
Suipoxvirus,NP_570274.1,Suipoxvirus_swinepox,149,66.5,Y,NA,N,
Vespertilionpoxvirus,ASK51325.1,Vespertilionpoxvirus_eptesipox,114,86.6,Y,NA,N,
Vespertilionpoxvirus,WAH71083.1,Vespertilionpoxvirus_eptesipox,114,86.6,Y,NA,N,
Yatapoxvirus,AAR07473.1,Yatapoxvirus_yabapox,150,63.3,Y,NA,N,
Yatapoxvirus,ABQ43592.1,Yatapoxvirus_tanapox,148,63.5,Y,NA,N,
Yatapoxvirus,CAC21355.1,Yatapoxvirus_tanapox,148,61.1,Y,NA,N,
unclassified,QDJ95055.1,Unclassified_hypsugopox_virus,116,85.9,Y,NA,N,
unclassified,QHG62676.1,Unclassified_cetacean_poxvirus_1,96,70.6,Y,NA,N,
unclassified,QHR82657.1,Unclassified_brazilian_porcupinepox_virus_1,143,67.4,Y,NA,N,
unclassified,WGO62741.1,Unclassified_wadden_sea_poxvirus,96,60.4,Y,NA,N,
