accession,ncbi_genus,ncbi_species,genus,species,provenance,notes
A0A4D6DKN1,Capripoxvirus,Goatpox_virus,Capripoxvirus,Capripoxvirus_goatpox,map,
AAF17998.1,Leporipoxvirus,Rabbit_fibroma_virus,Leporipoxvirus,Leporipoxvirus_shope,map,
AAL73853.1,unclassified,Camelpox_virus_(strain_M-96),Orthopoxvirus,Orthopoxvirus_camelpox,no_genus_in_lineage,
AAQ72922.1,Orthopoxvirus,Skunkpox_virus,Orthopoxvirus,Orthopoxvirus_skunkpox,map,
AAR07473.1,unclassified,Yaba_monkey_tumor_virus_(strain_VR587),Yatapoxvirus,Yatapoxvirus_yabapox,no_genus_in_lineage,
ABD51467.1,Sciuripoxvirus,Squirrelpox_virus,Sciuripoxvirus,Sciuripoxvirus_squirrelpox,map,
ABD97717.1,Orthopoxvirus,Taterapox_virus,Orthopoxvirus,Orthopoxvirus_taterapox,map,
ABI99110.1,Cervidpoxvirus,Deerpox_virus_W-1170-84,Cervidpoxvirus,Cervidpoxvirus_muledeerpox,map,
ABI99281.1,Cervidpoxvirus,Deerpox_virus_W-848-83,Cervidpoxvirus,Cervidpoxvirus_muledeerpox,map,
ABQ43592.1,Yatapoxvirus,Tanapox_virus,Yatapoxvirus,Yatapoxvirus_tanapox,map,
ADT91144.1,Oryzopoxvirus,Cotia_virus,Oryzopoxvirus,Oryzopoxvirus_cotia,map,
AEN03720.1,Centapoxvirus,Yokapox_virus,Centapoxvirus,Centapoxvirus_yokapox,map,
AIZ77355.1,Parapoxvirus,Red_deerpox_virus,Parapoxvirus,Parapoxvirus_reddeerpox,map,
AKJ93776.1,unclassified,Raccoon_poxvirus,Orthopoxvirus,Orthopoxvirus_raccoonpox,no_genus_in_lineage,
ANS71206.1,Pteropopoxvirus,Pteropox_virus,Pteropopoxvirus,Pteropopoxvirus_pteropox,map,
AOP31836.1,Orthopoxvirus,Volepox_virus,Orthopoxvirus,Orthopoxvirus_volepox,map,
APG58335.1,Oryzopoxvirus,BeAn_58058_virus,Oryzopoxvirus,Unclassified_BeAn58058,map,
ASF89976.1,Parapoxvirus,Seal_parapoxvirus,Parapoxvirus,Parapoxvirus_sealpox,map,
ASK51325.1,Vespertilionpoxvirus,Eptesipox_virus,Vespertilionpoxvirus,Vespertilionpoxvirus_eptesipox,map,
AST09338.1,Centapoxvirus,Murmansk_poxvirus,Centapoxvirus,Centapoxvirus_microtuspox,map,
AST09540.1,Centapoxvirus,NY_014_poxvirus,Centapoxvirus,Centapoxvirus_microtuspox,map,
AUI80687.1,Cervidpoxvirus,White-tailed_deer_poxvirus,Cervidpoxvirus,Unclassified_white-tailed_deer_poxvirus,map,
AWU47162.1,Mustelpoxvirus,Sea_otter_poxvirus,Mustelpoxvirus,Mustelpoxvirus_seaotterpox,map,
AYC44792.1,Cervidpoxvirus,White-tailed-deer_poxvirus_NY20-202751-20-1-9,Cervidpoxvirus,Unclassified_moosepox_virus,map,
AYN64713.1,Orthopoxvirus,Orthopoxvirus_Abatino,Orthopoxvirus,Orthopoxvirus_abatino,map,
C9E789,Orthopoxvirus,Camelpox_virus,Orthopoxvirus,Orthopoxvirus_camelpox,map,
C9E790,Orthopoxvirus,Camelpox_virus,Orthopoxvirus,Orthopoxvirus_camelpox,map,
C9E791,Orthopoxvirus,Camelpox_virus,Orthopoxvirus,Orthopoxvirus_camelpox,map,
CAC21355.1,Yatapoxvirus,Yaba-like_disease_virus,Yatapoxvirus,Yatapoxvirus_tanapox,map,
CAG7621171.1,unclassified,Ectromelia_virus_(strain_Moscow),Orthopoxvirus,Orthopoxvirus_ectomelia,no_genus_in_lineage,
NP_570274.1,Suipoxvirus,Swinepox_virus,Suipoxvirus,Suipoxvirus_swinepox,map,
P26312,unclassified,Vaccinia_virus_(strain_WR_65-16),Orthopoxvirus,Orthopoxvirus_vaccinia,no_genus_in_lineage,
Q6TV84,Parapoxvirus,Bovine_papular_stomatitis_virus,Parapoxvirus,Parapoxvirus_bovinestomatitis,map,
Q6TVL6,unclassified,Orf_virus_(strain_Goat/Texas/SA00/2000),Parapoxvirus,Parapoxvirus_orf,no_genus_in_lineage,
Q83655,Leporipoxvirus,Myxoma_virus,Leporipoxvirus,Leporipoxvirus_myxoma,map,
Q83970,Orthopoxvirus,Cowpox_virus,Orthopoxvirus,Orthopoxvirus_cowpox,map,
Q8QMS8,unclassified,Cowpox_virus_(strain_Brighton_Red),Orthopoxvirus,Orthopoxvirus_cowpox,no_genus_in_lineage,
QDJ95055.1,unclassified,Hypsugopox_virus,unclassified,Unclassified_hypsugopox_virus,no_genus_in_lineage,
QED21266.1,Orthopoxvirus,Borealpox_virus,Orthopoxvirus,Orthopoxvirus_borealpox,map,
QEQ49703.1,Orthopoxvirus,Orthopoxvirus_akhmetapox,Orthopoxvirus,Orthopoxvirus_akhmetapox,map,
QGT49194.1,Crocodylidpoxvirus,Saltwater_crocodilepox_virus,Crocodylidpoxvirus,Unclassified_saltwater_crocodilepox,map,
QGT49408.1,Crocodylidpoxvirus,Saltwater_crocodilepox_virus,Crocodylidpoxvirus,Unclassified_saltwater_crocodilepox,map,
QHG62676.1,unclassified,Cetacean_poxvirus_1,unclassified,Unclassified_cetacean_poxvirus_1,no_genus_in_lineage,
QHR82657.1,unclassified,Brazilian_porcupinepox_virus_1,unclassified,Unclassified_brazilian_porcupinepox_virus_1,no_genus_in_lineage,
QZW33596.1,Avipoxvirus,Magpiepox_virus_2,Avipoxvirus,Unclassified_magpiepox_virus_2,map,
T2DHX9,Capripoxvirus,Sheeppox_virus,Capripoxvirus,Capripoxvirus_sheeppox,map,
T2DJJ6,Capripoxvirus,Sheeppox_virus,Capripoxvirus,Capripoxvirus_sheeppox,map,
V9PXP5,Orthopoxvirus,Cowpox_virus,Orthopoxvirus,Orthopoxvirus_cowpox,map,
WAH71083.1,Vespertilionpoxvirus,Eptesipox_virus,Vespertilionpoxvirus,Vespertilionpoxvirus_eptesipox,map,
WGO62741.1,unclassified,Wadden_Sea_poxvirus,unclassified,Unclassified_wadden_sea_poxvirus,no_genus_in_lineage,
WOC35488.1,Parapoxvirus,Equine_parapoxvirus,Parapoxvirus,Unclassified_equine_parapoxvirus,map,
WWS34253.1,Orthopoxvirus,Variola_virus,Orthopoxvirus,Orthopoxvirus_variola,map,
WZD65066.1,Parapoxvirus,Pseudocowpox_virus,Parapoxvirus,Parapoxvirus_pseudocowpox,map,
WZD65198.1,Parapoxvirus,Pseudocowpox_virus,Parapoxvirus,Parapoxvirus_pseudocowpox,map,
WZD65323.1,Parapoxvirus,Pseudocowpox_virus,Parapoxvirus,Parapoxvirus_pseudocowpox,map,
WZD65710.1,Parapoxvirus,Bovine_papular_stomatitis_virus,Parapoxvirus,Parapoxvirus_bovinestomatitis,map,
WZD65840.1,Parapoxvirus,Bovine_papular_stomatitis_virus,Parapoxvirus,Parapoxvirus_bovinestomatitis,map,
WZD65968.1,Parapoxvirus,Bovine_papular_stomatitis_virus,Parapoxvirus,Parapoxvirus_bovinestomatitis,map,
WZD66097.1,Parapoxvirus,Bovine_papular_stomatitis_virus,Parapoxvirus,Parapoxvirus_bovinestomatitis,map,
XKH15810.1,Capripoxvirus,Sheeppox_virus,Capripoxvirus,Capripoxvirus_sheeppox,map,
XPQ45389.1,Parapoxvirus,Orf_virus,Parapoxvirus,Parapoxvirus_orf,map,
XPY37795.1,Capripoxvirus,Sheeppox_virus,Capripoxvirus,Capripoxvirus_sheeppox,map,
XSG12557.1,Parapoxvirus,Orf_virus,Parapoxvirus,Parapoxvirus_orf,map,
YAW79107.1,Leporipoxvirus,Myxoma_virus,Leporipoxvirus,Leporipoxvirus_myxoma,map,
YBO75993.1,Leporipoxvirus,Leporipoxvirus_myxoma,Leporipoxvirus,Leporipoxvirus_myxoma,map,
YBU52136.1,Parapoxvirus,Orf_virus,Parapoxvirus,Parapoxvirus_orf,map,
YBU52347.1,Capripoxvirus,Sheeppox_virus,Capripoxvirus,Capripoxvirus_sheeppox,map,
YCL31322.1,Orthopoxvirus,Cowpox_virus,Orthopoxvirus,Orthopoxvirus_cowpox,map,
YCL31741.1,Orthopoxvirus,Cowpox_virus,Orthopoxvirus,Orthopoxvirus_cowpox,map,
YCL31793.1,unclassified,Cowpox_virus_(strain_Brighton_Red),Orthopoxvirus,Orthopoxvirus_cowpox,no_genus_in_lineage,
YCL81897.1,Capripoxvirus,Goatpox_virus,Capripoxvirus,Capripoxvirus_goatpox,map,
YCL82046.1,Capripoxvirus,Goatpox_virus,Capripoxvirus,Capripoxvirus_lumpyskinpox,map,
YDE36723.1,Parapoxvirus,Bovine_papular_stomatitis_virus,Parapoxvirus,Parapoxvirus_bovinestomatitis,map,
YDS16483.1,Capripoxvirus,Lumpy_skin_disease_virus,Capripoxvirus,Capripoxvirus_lumpyskinpox,map,
YFN02224.1,unclassified,Vaccinia_virus_(strain_Western_Reserve),Orthopoxvirus,Orthopoxvirus_vaccinia,no_genus_in_lineage,
YFT66960.1,Orthopoxvirus,Orthopoxvirus_monkeypox,Orthopoxvirus,Orthopoxvirus_monkeypox,map,
YFT67137.1,Orthopoxvirus,Orthopoxvirus_monkeypox,Orthopoxvirus,Orthopoxvirus_monkeypox,map,
YFT67316.1,unclassified,Monkeypox_virus_(strain_Zaire-96-I-16),Orthopoxvirus,Orthopoxvirus_monkeypox,no_genus_in_lineage,
YP_003457410.1,Parapoxvirus,Pseudocowpox_virus,Parapoxvirus,Parapoxvirus_pseudocowpox,map,
P16717.1,Capripoxvirus,Sheeppox_virus_KS-1,Capripoxvirus,Capripoxvirus_sheeppox,ncbi_by_accession,
P20535.1,Orthopoxvirus,Vaccinia_virus_Copenhagen,Orthopoxvirus,Orthopoxvirus_vaccinia,ncbi_by_accession,
P26654.1,unclassified,Orf_virus_(strain_NZ2),Parapoxvirus,Parapoxvirus_orf,no_genus_in_lineage,
P33816.1,Orthopoxvirus,Variola_virus_human/India/Ind3/1967,Orthopoxvirus,Orthopoxvirus_vaccinia,ncbi_by_accession,
