acc,length,psiblast,jackhmmer,hmmsearch_PF02346
A0A4D6DKN1,148,Y,Y,Y
AAF17998.1,179,Y,Y,Y
AAL73853.1,117,Y,Y,Y
AAQ72922.1,136,Y,Y,Y
AAR07473.1,150,Y,Y,Y
ABD51467.1,74,Y,Y,Y
ABD97717.1,110,Y,Y,Y
ABI99110.1,136,Y,Y,Y
ABI99281.1,137,Y,Y,Y
ABQ43592.1,148,Y,Y,Y
ADT91144.1,237,Y,Y,Y
AEN03720.1,102,Y,Y,Y
AIZ77355.1,90,Y,Y,Y
AKJ93776.1,119,Y,Y,Y
ANS71206.1,98,Y,Y,Y
AOP31836.1,132,Y,Y,Y
APG58335.1,236,Y,Y,Y
ASF89976.1,89,Y,Y,Y
ASK51325.1,114,Y,Y,Y
AST09338.1,119,Y,Y,Y
AST09540.1,117,Y,Y,Y
AUI80687.1,137,Y,Y,Y
AWU47162.1,108,Y,Y,Y
AYC44792.1,135,Y,Y,Y
AYN64713.1,110,Y,Y,Y
C9E789,110,Y,Y,Y
C9E790,110,Y,Y,Y
C9E791,110,Y,Y,Y
CAC21355.1,148,Y,Y,Y
CAG7621171.1,110,Y,Y,Y
NP_570274.1,149,Y,Y,Y
P26312,136,Y,Y,Y
Q6TV84,89,Y,Y,Y
Q6TVL6,90,Y,Y,Y
Q83655,188,Y,Y,Y
Q83970,214,Y,Y,Y
Q88963,279,Y,Y,Y
Q8QMS8,192,Y,Y,Y
QED21266.1,110,Y,Y,Y
QEQ49703.1,110,Y,Y,Y
QGT48981.1,250,Y,Y,Y
QGT49194.1,165,Y,Y,Y
QGT49408.1,233,Y,Y,Y
QHG62676.1,96,Y,Y,Y
QZW33596.1,92,Y,Y,Y
T2DHX9,148,Y,Y,Y
T2DJJ6,148,Y,Y,Y
V9PXP5,110,Y,Y,Y
WAH71083.1,114,Y,Y,Y
WOC35488.1,95,Y,Y,Y
WWS34253.1,110,Y,Y,Y
WZD65066.1,90,Y,Y,Y
WZD65198.1,91,Y,Y,Y
WZD65323.1,91,Y,Y,Y
WZD65710.1,88,Y,Y,Y
WZD65840.1,88,Y,Y,Y
WZD65968.1,89,Y,Y,Y
WZD66097.1,88,Y,Y,Y
XKH15810.1,149,Y,Y,Y
XPQ45389.1,90,Y,Y,Y
XPY37795.1,149,Y,Y,Y
XSG12557.1,137,Y,Y,Y
YAW79107.1,188,Y,Y,Y
YBO75993.1,193,Y,Y,Y
YBU52136.1,90,Y,Y,Y
YBU52347.1,148,Y,Y,Y
YCL31322.1,110,Y,Y,Y
YCL31741.1,193,Y,Y,Y
YCL31793.1,110,Y,Y,Y
YCL81897.1,148,Y,Y,Y
YCL82046.1,148,Y,Y,Y
YDE36723.1,89,Y,Y,Y
YDS16483.1,148,Y,Y,Y
YFN02224.1,110,Y,Y,Y
YFT66960.1,110,Y,Y,Y
YFT67137.1,107,Y,Y,Y
YFT67316.1,110,Y,Y,Y
YP_003457410.1,91,Y,Y,Y
sp|P16717.1|VFUS_SHEVK,148,Y,Y,Y
sp|P20535.1|PG154_VACCC,110,Y,Y,Y
sp|P26654.1|VFUS_ORFN2,89,Y,Y,Y
sp|P33816.1|PG154_VAR67,110,Y,Y,Y
